Time,temp,B2,B3,B4,B5,B6,B7,B8,B9,B10,B11,C2,C3,C4,C5,C6,C7,C8,C9,C10,C11,D2,D3,D4,D5,D6,D7,D8,D9,D10,D11,E2,E3,E4,E5,E6,E7,E8,E9,E10,E11,F2,F3,F4,F5,F6,F7,F8,F9,F10,F11,G2,G3,G4,G5,G6,G7,G8,G9,G10,G11
0:05:16,36.9,0.129,0.126,0.102,0.122,0.101,0.098,0.101,0.097,0.1,0.103,0.114,0.102,0.102,0.101,0.101,0.097,0.097,0.096,0.098,0.095,0.104,0.098,0.099,0.099,0.099,0.095,0.095,0.097,0.094,0.095,0.098,0.1,0.097,0.097,0.1,0.096,0.096,0.096,0.095,0.093,0.1,0.099,0.098,0.098,0.097,0.094,0.094,0.094,0.099,0.095,0.097,0.098,0.098,0.098,0.095,0.095,0.096,0.097,0.095,0.1
0:11:16,37,0.128,0.127,0.129,0.132,0.116,0.11,0.111,0.1,0.102,0.105,0.123,0.116,0.103,0.103,0.104,0.097,0.102,0.098,0.099,0.096,0.12,0.101,0.109,0.101,0.102,0.098,0.098,0.098,0.096,0.097,0.106,0.109,0.1,0.1,0.103,0.098,0.098,0.097,0.098,0.095,0.11,0.106,0.102,0.099,0.099,0.095,0.096,0.095,0.101,0.098,0.099,0.1,0.101,0.1,0.097,0.097,0.099,0.1,0.098,0.102
0:17:16,37,0.123,0.124,0.132,0.129,0.125,0.112,0.109,0.103,0.103,0.109,0.123,0.115,0.113,0.105,0.106,0.1,0.105,0.1,0.102,0.099,0.125,0.116,0.121,0.115,0.111,0.1,0.099,0.101,0.099,0.1,0.115,0.116,0.111,0.106,0.11,0.1,0.1,0.1,0.101,0.098,0.117,0.119,0.111,0.103,0.104,0.097,0.098,0.097,0.103,0.1,0.108,0.104,0.103,0.103,0.099,0.099,0.1,0.102,0.1,0.105
0:23:16,37,0.125,0.125,0.135,0.126,0.127,0.114,0.111,0.11,0.11,0.113,0.125,0.117,0.113,0.108,0.107,0.105,0.109,0.105,0.107,0.106,0.128,0.132,0.13,0.125,0.119,0.106,0.103,0.105,0.103,0.104,0.13,0.12,0.121,0.116,0.114,0.103,0.103,0.104,0.107,0.101,0.123,0.127,0.118,0.113,0.107,0.1,0.101,0.1,0.107,0.105,0.116,0.11,0.106,0.107,0.101,0.103,0.105,0.108,0.104,0.114
0:29:16,37,0.13,0.125,0.129,0.124,0.124,0.116,0.114,0.113,0.113,0.117,0.13,0.125,0.116,0.111,0.111,0.11,0.112,0.109,0.109,0.11,0.133,0.131,0.134,0.138,0.127,0.115,0.109,0.111,0.105,0.11,0.121,0.12,0.12,0.126,0.117,0.107,0.108,0.108,0.11,0.106,0.131,0.123,0.117,0.122,0.109,0.105,0.104,0.104,0.11,0.112,0.114,0.112,0.109,0.11,0.104,0.106,0.11,0.115,0.108,0.124
0:35:16,37,0.136,0.135,0.128,0.125,0.125,0.119,0.12,0.116,0.118,0.123,0.137,0.134,0.129,0.116,0.116,0.116,0.118,0.112,0.113,0.112,0.134,0.126,0.134,0.137,0.127,0.124,0.124,0.115,0.11,0.116,0.122,0.12,0.12,0.136,0.119,0.111,0.118,0.114,0.113,0.11,0.127,0.119,0.117,0.124,0.111,0.111,0.113,0.108,0.113,0.119,0.12,0.117,0.111,0.113,0.107,0.11,0.115,0.123,0.112,0.127
0:41:16,37,0.142,0.14,0.135,0.13,0.13,0.123,0.124,0.124,0.123,0.127,0.144,0.141,0.133,0.122,0.121,0.123,0.122,0.118,0.118,0.117,0.14,0.134,0.134,0.133,0.129,0.125,0.135,0.119,0.113,0.121,0.127,0.127,0.122,0.135,0.124,0.115,0.128,0.118,0.118,0.114,0.135,0.123,0.119,0.123,0.115,0.114,0.126,0.111,0.118,0.124,0.127,0.126,0.117,0.116,0.111,0.116,0.117,0.123,0.116,0.126
0:47:16,37,0.151,0.15,0.142,0.138,0.137,0.13,0.131,0.129,0.13,0.133,0.148,0.149,0.143,0.131,0.123,0.125,0.129,0.122,0.124,0.12,0.139,0.133,0.133,0.132,0.129,0.132,0.133,0.123,0.116,0.124,0.135,0.135,0.125,0.132,0.13,0.118,0.131,0.122,0.121,0.117,0.135,0.129,0.123,0.127,0.12,0.118,0.133,0.114,0.121,0.125,0.134,0.135,0.122,0.121,0.114,0.118,0.12,0.125,0.118,0.128
0:53:16,36.9,0.161,0.158,0.153,0.145,0.143,0.137,0.14,0.136,0.135,0.14,0.153,0.158,0.149,0.142,0.136,0.13,0.136,0.126,0.129,0.124,0.143,0.136,0.14,0.137,0.135,0.132,0.134,0.129,0.122,0.128,0.144,0.147,0.131,0.134,0.137,0.124,0.133,0.127,0.125,0.122,0.141,0.138,0.13,0.13,0.128,0.123,0.133,0.119,0.127,0.129,0.143,0.142,0.13,0.128,0.12,0.123,0.125,0.13,0.123,0.133
0:59:16,37,0.172,0.168,0.16,0.153,0.152,0.144,0.148,0.147,0.145,0.151,0.165,0.174,0.159,0.154,0.147,0.139,0.144,0.132,0.135,0.13,0.154,0.146,0.148,0.145,0.145,0.141,0.14,0.136,0.127,0.134,0.153,0.161,0.145,0.139,0.146,0.131,0.136,0.133,0.131,0.127,0.161,0.147,0.139,0.14,0.135,0.13,0.135,0.125,0.134,0.136,0.158,0.159,0.137,0.139,0.127,0.13,0.133,0.137,0.131,0.138
1:05:16,37,0.186,0.178,0.17,0.16,0.159,0.155,0.162,0.156,0.155,0.162,0.179,0.19,0.177,0.164,0.164,0.148,0.152,0.14,0.143,0.138,0.17,0.159,0.159,0.156,0.153,0.15,0.148,0.146,0.136,0.142,0.168,0.175,0.155,0.147,0.158,0.142,0.144,0.141,0.14,0.134,0.2,0.159,0.149,0.152,0.146,0.14,0.141,0.13,0.143,0.145,0.18,0.172,0.148,0.149,0.137,0.139,0.141,0.145,0.139,0.147
1:11:16,37,0.198,0.187,0.173,0.169,0.166,0.164,0.174,0.169,0.167,0.173,0.195,0.199,0.192,0.177,0.176,0.158,0.165,0.149,0.153,0.147,0.2,0.173,0.17,0.169,0.168,0.161,0.159,0.156,0.144,0.151,0.197,0.193,0.166,0.158,0.17,0.151,0.154,0.15,0.148,0.142,0.244,0.174,0.165,0.161,0.155,0.15,0.149,0.139,0.152,0.155,0.206,0.189,0.158,0.158,0.146,0.148,0.151,0.155,0.146,0.158
1:17:16,37,0.208,0.201,0.184,0.18,0.178,0.174,0.178,0.181,0.178,0.186,0.213,0.216,0.209,0.192,0.19,0.172,0.179,0.161,0.165,0.158,0.236,0.188,0.187,0.179,0.178,0.174,0.171,0.17,0.154,0.163,0.222,0.212,0.182,0.171,0.186,0.159,0.165,0.163,0.16,0.154,0.253,0.194,0.177,0.174,0.168,0.163,0.162,0.149,0.163,0.167,0.259,0.224,0.171,0.17,0.159,0.159,0.162,0.167,0.159,0.17
1:23:16,37,0.214,0.212,0.197,0.19,0.191,0.185,0.188,0.195,0.196,0.198,0.228,0.226,0.221,0.202,0.211,0.186,0.195,0.173,0.183,0.171,0.257,0.202,0.196,0.19,0.187,0.192,0.186,0.184,0.17,0.177,0.235,0.23,0.195,0.182,0.203,0.177,0.179,0.177,0.175,0.166,0.27,0.213,0.195,0.19,0.186,0.176,0.174,0.161,0.179,0.183,0.311,0.271,0.186,0.191,0.173,0.173,0.175,0.18,0.172,0.184
1:29:16,37,0.227,0.225,0.213,0.205,0.208,0.197,0.205,0.211,0.212,0.213,0.24,0.233,0.233,0.212,0.221,0.2,0.211,0.19,0.199,0.185,0.267,0.218,0.208,0.203,0.202,0.207,0.202,0.203,0.188,0.191,0.245,0.252,0.214,0.199,0.221,0.193,0.194,0.193,0.193,0.18,0.261,0.239,0.214,0.212,0.204,0.197,0.188,0.174,0.198,0.199,0.392,0.348,0.205,0.209,0.194,0.187,0.191,0.195,0.186,0.199
1:35:16,37,0.239,0.241,0.232,0.223,0.227,0.212,0.221,0.227,0.228,0.23,0.249,0.25,0.248,0.228,0.239,0.216,0.227,0.207,0.221,0.202,0.274,0.236,0.228,0.219,0.221,0.222,0.218,0.222,0.204,0.207,0.255,0.272,0.23,0.215,0.238,0.211,0.21,0.209,0.21,0.196,0.262,0.252,0.231,0.228,0.223,0.212,0.203,0.189,0.217,0.218,0.381,0.342,0.222,0.226,0.209,0.206,0.206,0.212,0.204,0.218
1:41:16,37,0.258,0.263,0.252,0.245,0.249,0.231,0.239,0.247,0.249,0.247,0.27,0.27,0.265,0.249,0.257,0.233,0.246,0.227,0.241,0.223,0.292,0.254,0.249,0.24,0.239,0.241,0.237,0.24,0.228,0.226,0.272,0.294,0.249,0.235,0.259,0.234,0.227,0.232,0.232,0.216,0.275,0.272,0.253,0.248,0.246,0.233,0.221,0.208,0.238,0.239,0.392,0.389,0.245,0.256,0.236,0.226,0.227,0.234,0.226,0.239
1:47:16,37,0.284,0.287,0.281,0.27,0.276,0.254,0.262,0.264,0.269,0.272,0.291,0.297,0.286,0.275,0.279,0.253,0.265,0.243,0.267,0.235,0.316,0.276,0.272,0.265,0.264,0.265,0.257,0.263,0.25,0.244,0.3,0.319,0.275,0.259,0.282,0.261,0.249,0.254,0.257,0.238,0.305,0.297,0.282,0.277,0.274,0.262,0.244,0.232,0.265,0.261,0.39,0.406,0.275,0.285,0.266,0.252,0.251,0.259,0.25,0.264
1:53:16,37,0.309,0.314,0.31,0.298,0.308,0.277,0.284,0.284,0.29,0.301,0.317,0.324,0.312,0.304,0.303,0.278,0.286,0.267,0.293,0.256,0.309,0.3,0.299,0.293,0.29,0.287,0.279,0.283,0.275,0.268,0.322,0.342,0.303,0.288,0.306,0.29,0.273,0.276,0.282,0.263,0.319,0.32,0.312,0.302,0.299,0.289,0.269,0.257,0.29,0.288,0.429,0.402,0.305,0.313,0.297,0.276,0.275,0.281,0.276,0.289
1:59:16,37,0.337,0.346,0.346,0.332,0.344,0.307,0.311,0.308,0.314,0.332,0.342,0.354,0.34,0.336,0.334,0.306,0.312,0.289,0.323,0.278,0.338,0.328,0.331,0.325,0.321,0.313,0.306,0.313,0.3,0.295,0.337,0.362,0.333,0.318,0.336,0.317,0.3,0.303,0.309,0.291,0.336,0.341,0.344,0.332,0.334,0.316,0.295,0.286,0.32,0.315,0.355,0.391,0.331,0.341,0.326,0.304,0.304,0.312,0.305,0.32
2:05:16,37,0.375,0.383,0.381,0.369,0.382,0.34,0.343,0.337,0.341,0.367,0.364,0.396,0.384,0.376,0.365,0.337,0.343,0.321,0.352,0.304,0.362,0.35,0.362,0.362,0.356,0.34,0.337,0.343,0.327,0.326,0.355,0.384,0.358,0.352,0.373,0.345,0.332,0.335,0.338,0.322,0.364,0.364,0.373,0.358,0.367,0.341,0.325,0.316,0.348,0.344,0.354,0.36,0.361,0.362,0.359,0.331,0.33,0.345,0.332,0.355
2:11:16,37,0.415,0.428,0.426,0.41,0.424,0.376,0.382,0.375,0.376,0.405,0.403,0.424,0.405,0.41,0.399,0.38,0.383,0.357,0.389,0.339,0.403,0.391,0.403,0.4,0.394,0.38,0.383,0.38,0.36,0.364,0.402,0.424,0.399,0.395,0.403,0.382,0.375,0.379,0.376,0.356,0.401,0.407,0.409,0.398,0.402,0.377,0.361,0.349,0.385,0.387,0.407,0.37,0.395,0.402,0.398,0.371,0.365,0.378,0.365,0.388
2:17:16,37,0.46,0.471,0.469,0.454,0.47,0.41,0.416,0.404,0.401,0.446,0.444,0.476,0.453,0.455,0.438,0.41,0.415,0.391,0.421,0.377,0.47,0.42,0.443,0.44,0.432,0.407,0.41,0.413,0.392,0.398,0.428,0.471,0.434,0.43,0.45,0.411,0.402,0.405,0.405,0.393,0.44,0.44,0.454,0.437,0.449,0.408,0.397,0.387,0.421,0.41,0.418,0.43,0.433,0.445,0.438,0.405,0.4,0.419,0.402,0.428
2:23:16,37,0.497,0.501,0.504,0.492,0.51,0.454,0.46,0.445,0.445,0.494,0.486,0.516,0.492,0.501,0.476,0.453,0.459,0.425,0.467,0.408,0.516,0.468,0.49,0.484,0.477,0.454,0.455,0.455,0.428,0.442,0.487,0.503,0.483,0.478,0.492,0.455,0.445,0.446,0.447,0.431,0.488,0.492,0.496,0.484,0.491,0.453,0.437,0.421,0.463,0.457,0.482,0.448,0.472,0.487,0.49,0.452,0.443,0.463,0.445,0.471
2:29:16,37,0.533,0.538,0.536,0.523,0.541,0.496,0.503,0.49,0.487,0.534,0.518,0.553,0.523,0.532,0.515,0.5,0.503,0.469,0.507,0.449,0.553,0.502,0.526,0.522,0.515,0.492,0.497,0.497,0.473,0.488,0.516,0.538,0.512,0.52,0.523,0.489,0.49,0.49,0.491,0.474,0.521,0.527,0.533,0.52,0.529,0.492,0.482,0.463,0.505,0.496,0.508,0.494,0.502,0.524,0.521,0.485,0.48,0.503,0.482,0.512
2:35:16,37,0.559,0.56,0.563,0.552,0.572,0.532,0.543,0.524,0.527,0.566,0.545,0.588,0.555,0.564,0.542,0.538,0.539,0.511,0.551,0.495,0.576,0.536,0.558,0.555,0.544,0.543,0.54,0.535,0.506,0.529,0.543,0.563,0.543,0.554,0.553,0.528,0.534,0.531,0.533,0.516,0.547,0.552,0.566,0.553,0.559,0.533,0.524,0.506,0.542,0.541,0.54,0.51,0.532,0.552,0.551,0.526,0.519,0.529,0.519,0.54
2:41:16,37,0.584,0.582,0.589,0.576,0.594,0.563,0.58,0.557,0.565,0.6,0.57,0.612,0.582,0.592,0.574,0.571,0.569,0.553,0.587,0.534,0.6,0.565,0.586,0.59,0.58,0.577,0.571,0.571,0.546,0.561,0.578,0.583,0.571,0.587,0.583,0.564,0.569,0.568,0.571,0.554,0.569,0.568,0.593,0.586,0.588,0.566,0.564,0.545,0.58,0.576,0.558,0.543,0.553,0.591,0.575,0.558,0.552,0.561,0.554,0.573
2:47:16,37,0.608,0.605,0.619,0.604,0.625,0.591,0.608,0.582,0.599,0.631,0.594,0.637,0.606,0.618,0.596,0.6,0.597,0.584,0.622,0.566,0.632,0.59,0.613,0.614,0.612,0.612,0.6,0.607,0.585,0.593,0.599,0.608,0.606,0.617,0.61,0.604,0.598,0.599,0.61,0.593,0.6,0.594,0.617,0.617,0.624,0.602,0.602,0.577,0.617,0.605,0.616,0.584,0.583,0.627,0.601,0.594,0.584,0.598,0.587,0.607
2:53:16,37,0.633,0.631,0.641,0.629,0.647,0.615,0.635,0.611,0.623,0.656,0.618,0.664,0.621,0.644,0.617,0.623,0.62,0.613,0.638,0.593,0.651,0.618,0.632,0.638,0.629,0.628,0.625,0.625,0.611,0.615,0.626,0.62,0.613,0.639,0.62,0.623,0.622,0.624,0.633,0.622,0.611,0.604,0.627,0.631,0.633,0.62,0.624,0.605,0.63,0.632,0.624,0.597,0.6,0.632,0.626,0.608,0.601,0.619,0.603,0.634
2:59:16,37,0.654,0.652,0.66,0.656,0.67,0.64,0.659,0.631,0.643,0.684,0.642,0.687,0.643,0.666,0.638,0.649,0.644,0.636,0.659,0.617,0.683,0.635,0.654,0.663,0.654,0.646,0.652,0.646,0.629,0.642,0.662,0.63,0.634,0.664,0.645,0.638,0.65,0.648,0.654,0.644,0.654,0.617,0.646,0.647,0.655,0.639,0.647,0.628,0.653,0.652,0.625,0.641,0.619,0.647,0.637,0.626,0.625,0.637,0.626,0.654
3:05:16,37,0.675,0.671,0.687,0.683,0.695,0.663,0.681,0.653,0.663,0.703,0.649,0.704,0.662,0.685,0.658,0.673,0.668,0.662,0.686,0.642,0.706,0.654,0.678,0.681,0.674,0.668,0.677,0.672,0.653,0.666,0.671,0.646,0.664,0.686,0.67,0.658,0.673,0.672,0.68,0.672,0.686,0.635,0.667,0.678,0.675,0.66,0.673,0.653,0.676,0.674,0.661,0.645,0.634,0.671,0.654,0.649,0.646,0.664,0.648,0.676
3:11:16,37,0.696,0.692,0.706,0.704,0.72,0.68,0.699,0.672,0.683,0.724,0.676,0.722,0.677,0.703,0.673,0.693,0.688,0.681,0.709,0.666,0.744,0.682,0.697,0.699,0.692,0.691,0.7,0.691,0.678,0.689,0.705,0.679,0.688,0.705,0.692,0.682,0.693,0.692,0.701,0.691,0.733,0.668,0.699,0.698,0.691,0.681,0.694,0.679,0.699,0.699,0.708,0.688,0.654,0.699,0.673,0.673,0.668,0.69,0.672,0.705
3:17:16,37,0.719,0.714,0.731,0.725,0.738,0.702,0.719,0.692,0.7,0.744,0.695,0.744,0.693,0.722,0.688,0.714,0.707,0.701,0.725,0.686,0.755,0.697,0.716,0.72,0.712,0.709,0.719,0.711,0.696,0.712,0.745,0.69,0.689,0.723,0.705,0.706,0.716,0.713,0.722,0.711,0.742,0.683,0.71,0.713,0.714,0.701,0.713,0.698,0.716,0.717,0.711,0.733,0.677,0.696,0.701,0.686,0.691,0.711,0.688,0.725
3:23:16,37,0.755,0.739,0.734,0.742,0.753,0.72,0.736,0.707,0.717,0.763,0.704,0.756,0.705,0.737,0.703,0.734,0.727,0.722,0.747,0.706,0.774,0.715,0.732,0.737,0.727,0.726,0.741,0.731,0.713,0.736,0.731,0.702,0.718,0.74,0.72,0.724,0.739,0.736,0.744,0.734,0.754,0.699,0.734,0.721,0.721,0.721,0.738,0.72,0.737,0.738,0.78,0.729,0.689,0.727,0.714,0.707,0.71,0.728,0.708,0.736
3:29:16,37,0.75,0.747,0.739,0.759,0.773,0.734,0.752,0.724,0.733,0.781,0.716,0.766,0.717,0.744,0.714,0.751,0.744,0.741,0.769,0.726,0.791,0.743,0.748,0.748,0.741,0.744,0.76,0.75,0.736,0.756,0.794,0.74,0.742,0.752,0.734,0.743,0.76,0.756,0.765,0.754,0.785,0.739,0.764,0.741,0.737,0.744,0.758,0.74,0.76,0.763,0.823,0.741,0.692,0.73,0.712,0.729,0.723,0.729,0.726,0.733
3:35:16,37,0.756,0.75,0.767,0.773,0.793,0.75,0.766,0.74,0.748,0.791,0.726,0.769,0.726,0.748,0.725,0.768,0.758,0.757,0.78,0.744,0.799,0.751,0.75,0.749,0.74,0.761,0.776,0.766,0.755,0.771,0.806,0.741,0.743,0.76,0.739,0.763,0.767,0.77,0.783,0.772,0.797,0.731,0.747,0.74,0.748,0.758,0.757,0.759,0.762,0.775,0.817,0.759,0.73,0.767,0.741,0.756,0.709,0.743,0.714,0.747
3:41:16,37,0.772,0.779,0.788,0.789,0.81,0.757,0.775,0.752,0.761,0.797,0.723,0.812,0.727,0.754,0.729,0.771,0.767,0.772,0.778,0.76,0.806,0.752,0.754,0.753,0.746,0.772,0.776,0.766,0.771,0.772,0.826,0.74,0.758,0.749,0.727,0.767,0.773,0.768,0.775,0.77,0.79,0.729,0.768,0.754,0.756,0.756,0.765,0.772,0.768,0.766,0.805,0.747,0.718,0.777,0.742,0.736,0.715,0.76,0.718,0.774
3:47:16,37,0.783,0.778,0.797,0.8,0.819,0.756,0.778,0.759,0.767,0.807,0.732,0.812,0.732,0.76,0.736,0.773,0.772,0.77,0.784,0.77,0.903,0.765,0.758,0.76,0.756,0.766,0.785,0.773,0.772,0.786,0.835,0.76,0.802,0.753,0.732,0.766,0.787,0.783,0.781,0.779,0.83,0.757,0.751,0.751,0.725,0.764,0.784,0.782,0.78,0.779,0.857,0.785,0.734,0.76,0.73,0.74,0.743,0.777,0.746,0.795
3:53:16,36.9,0.792,0.79,0.799,0.803,0.821,0.764,0.785,0.766,0.772,0.814,0.732,0.769,0.736,0.774,0.738,0.782,0.778,0.776,0.791,0.772,0.855,0.757,0.758,0.779,0.771,0.772,0.798,0.783,0.775,0.8,0.834,0.738,0.799,0.773,0.732,0.771,0.807,0.801,0.8,0.798,0.823,0.72,0.748,0.741,0.742,0.769,0.808,0.792,0.8,0.791,0.83,0.759,0.727,0.784,0.749,0.746,0.768,0.798,0.772,0.814
3:59:16,37,0.788,0.792,0.81,0.804,0.827,0.768,0.792,0.77,0.771,0.824,0.734,0.781,0.721,0.782,0.745,0.797,0.79,0.786,0.797,0.779,0.823,0.81,0.758,0.792,0.786,0.788,0.818,0.802,0.783,0.822,0.836,0.766,0.79,0.787,0.738,0.786,0.826,0.822,0.82,0.82,0.781,0.736,0.762,0.758,0.76,0.788,0.829,0.808,0.824,0.813,0.774,0.809,0.724,0.734,0.733,0.761,0.79,0.813,0.793,0.825
4:05:16,37,0.799,0.796,0.799,0.799,0.825,0.781,0.794,0.775,0.776,0.836,0.755,0.776,0.725,0.792,0.746,0.811,0.801,0.798,0.815,0.789,0.727,0.797,0.771,0.803,0.795,0.803,0.83,0.817,0.797,0.835,0.858,0.786,0.751,0.799,0.748,0.802,0.842,0.837,0.839,0.839,0.781,0.771,0.758,0.764,0.758,0.809,0.848,0.828,0.842,0.834,0.797,0.778,0.743,0.746,0.735,0.79,0.799,0.81,0.807,0.823
4:11:16,37,0.802,0.803,0.8,0.802,0.826,0.789,0.805,0.784,0.782,0.845,0.749,0.778,0.735,0.796,0.75,0.821,0.811,0.813,0.825,0.804,0.784,0.761,0.779,0.811,0.804,0.815,0.839,0.829,0.813,0.847,0.816,0.758,0.752,0.804,0.756,0.818,0.849,0.847,0.853,0.852,0.766,0.753,0.755,0.758,0.765,0.825,0.853,0.844,0.851,0.854,0.782,0.765,0.736,0.734,0.724,0.803,0.8,0.811,0.808,0.826
4:17:16,37,0.798,0.799,0.802,0.802,0.828,0.794,0.812,0.79,0.791,0.85,0.724,0.779,0.748,0.799,0.76,0.831,0.821,0.824,0.835,0.817,0.766,0.755,0.787,0.813,0.81,0.825,0.847,0.837,0.826,0.852,0.876,0.746,0.749,0.811,0.759,0.83,0.85,0.848,0.86,0.859,0.739,0.781,0.751,0.762,0.774,0.833,0.855,0.857,0.854,0.858,0.791,0.76,0.719,0.742,0.723,0.807,0.8,0.813,0.807,0.826
4:23:16,37,0.798,0.799,0.802,0.802,0.829,0.798,0.817,0.793,0.795,0.852,0.717,0.766,0.751,0.801,0.76,0.835,0.822,0.829,0.837,0.824,0.762,0.758,0.789,0.82,0.813,0.831,0.85,0.841,0.833,0.851,0.827,0.76,0.744,0.816,0.774,0.837,0.849,0.849,0.858,0.861,0.723,0.761,0.757,0.768,0.773,0.837,0.856,0.857,0.851,0.858,0.783,0.753,0.72,0.739,0.721,0.806,0.795,0.806,0.803,0.816
4:29:16,37,0.796,0.796,0.806,0.806,0.829,0.801,0.82,0.801,0.8,0.856,0.718,0.774,0.753,0.804,0.763,0.835,0.825,0.833,0.842,0.832,0.773,0.76,0.799,0.821,0.817,0.836,0.849,0.841,0.839,0.854,0.774,0.761,0.753,0.818,0.777,0.841,0.853,0.85,0.857,0.86,0.736,0.76,0.75,0.773,0.782,0.834,0.848,0.857,0.846,0.856,0.759,0.774,0.714,0.748,0.738,0.804,0.798,0.809,0.804,0.821
4:35:16,37,0.798,0.797,0.808,0.808,0.833,0.802,0.821,0.8,0.804,0.86,0.727,0.777,0.752,0.808,0.766,0.836,0.826,0.836,0.846,0.833,0.769,0.758,0.798,0.821,0.819,0.836,0.848,0.84,0.843,0.853,0.747,0.761,0.754,0.819,0.779,0.838,0.856,0.847,0.863,0.865,0.726,0.765,0.753,0.776,0.787,0.829,0.854,0.861,0.849,0.848,0.76,0.771,0.701,0.744,0.745,0.807,0.798,0.81,0.805,0.823
4:41:16,37,0.801,0.8,0.81,0.81,0.835,0.803,0.824,0.8,0.804,0.86,0.725,0.775,0.753,0.81,0.768,0.838,0.826,0.838,0.848,0.835,0.769,0.76,0.802,0.819,0.819,0.84,0.849,0.84,0.844,0.854,0.744,0.766,0.756,0.818,0.799,0.837,0.851,0.849,0.859,0.861,0.738,0.759,0.758,0.777,0.79,0.837,0.856,0.858,0.85,0.854,0.74,0.795,0.701,0.74,0.745,0.806,0.801,0.813,0.808,0.826
4:47:16,37,0.801,0.8,0.81,0.811,0.836,0.803,0.826,0.802,0.805,0.861,0.727,0.78,0.752,0.811,0.77,0.838,0.827,0.839,0.846,0.837,0.779,0.76,0.8,0.817,0.818,0.839,0.85,0.839,0.845,0.851,0.736,0.77,0.755,0.814,0.806,0.839,0.849,0.848,0.858,0.859,0.72,0.756,0.741,0.778,0.791,0.836,0.855,0.856,0.849,0.854,0.699,0.797,0.704,0.752,0.751,0.806,0.802,0.813,0.809,0.826
4:53:16,37,0.803,0.802,0.812,0.813,0.838,0.802,0.825,0.803,0.807,0.864,0.726,0.78,0.753,0.813,0.77,0.838,0.828,0.839,0.848,0.838,0.777,0.764,0.801,0.814,0.816,0.837,0.844,0.835,0.844,0.849,0.733,0.77,0.76,0.81,0.801,0.842,0.851,0.849,0.858,0.86,0.723,0.711,0.751,0.778,0.791,0.835,0.858,0.857,0.852,0.856,0.69,0.712,0.713,0.757,0.755,0.808,0.818,0.818,0.811,0.829
4:59:16,36.9,0.804,0.803,0.812,0.814,0.84,0.803,0.825,0.803,0.803,0.863,0.736,0.78,0.753,0.812,0.771,0.839,0.828,0.84,0.845,0.838,0.775,0.772,0.799,0.812,0.812,0.837,0.851,0.833,0.841,0.848,0.733,0.771,0.757,0.805,0.808,0.844,0.852,0.849,0.859,0.861,0.72,0.721,0.753,0.779,0.791,0.836,0.858,0.859,0.852,0.857,0.69,0.708,0.714,0.758,0.758,0.809,0.821,0.817,0.813,0.831
5:05:16,37,0.804,0.802,0.813,0.815,0.841,0.803,0.827,0.801,0.804,0.864,0.734,0.778,0.753,0.811,0.771,0.839,0.828,0.839,0.848,0.837,0.772,0.768,0.8,0.809,0.811,0.837,0.848,0.842,0.84,0.847,0.736,0.773,0.787,0.805,0.803,0.84,0.853,0.851,0.86,0.861,0.726,0.713,0.75,0.776,0.792,0.836,0.859,0.86,0.853,0.858,0.683,0.726,0.717,0.76,0.759,0.81,0.822,0.819,0.814,0.833
5:11:16,37,0.805,0.803,0.815,0.817,0.843,0.802,0.826,0.8,0.804,0.87,0.735,0.78,0.751,0.81,0.773,0.838,0.827,0.839,0.851,0.837,0.772,0.765,0.798,0.808,0.809,0.838,0.845,0.839,0.84,0.849,0.733,0.745,0.788,0.804,0.796,0.84,0.853,0.851,0.861,0.863,0.737,0.727,0.762,0.78,0.793,0.837,0.86,0.86,0.854,0.859,0.679,0.683,0.716,0.764,0.758,0.811,0.823,0.821,0.815,0.834
5:17:16,37,0.806,0.804,0.816,0.818,0.844,0.802,0.824,0.801,0.804,0.873,0.73,0.781,0.754,0.808,0.773,0.84,0.828,0.843,0.85,0.84,0.771,0.764,0.797,0.806,0.807,0.837,0.845,0.837,0.846,0.85,0.734,0.748,0.788,0.802,0.803,0.84,0.854,0.852,0.861,0.864,0.739,0.722,0.764,0.77,0.795,0.839,0.861,0.861,0.856,0.859,0.697,0.687,0.724,0.768,0.759,0.813,0.825,0.823,0.817,0.837
5:23:16,37,0.806,0.803,0.817,0.819,0.845,0.802,0.822,0.801,0.803,0.866,0.719,0.781,0.752,0.802,0.773,0.842,0.829,0.846,0.847,0.842,0.769,0.763,0.793,0.802,0.803,0.834,0.843,0.834,0.834,0.849,0.727,0.749,0.786,0.798,0.795,0.839,0.863,0.852,0.862,0.864,0.738,0.717,0.762,0.778,0.788,0.837,0.862,0.862,0.857,0.861,0.688,0.673,0.724,0.768,0.76,0.812,0.825,0.824,0.817,0.838
5:29:16,37,0.806,0.804,0.818,0.821,0.847,0.803,0.822,0.8,0.803,0.862,0.72,0.781,0.752,0.802,0.774,0.841,0.83,0.842,0.847,0.838,0.774,0.763,0.792,0.801,0.802,0.833,0.843,0.834,0.834,0.85,0.725,0.741,0.786,0.796,0.8,0.839,0.864,0.853,0.862,0.865,0.74,0.733,0.764,0.768,0.791,0.837,0.866,0.862,0.856,0.86,0.701,0.683,0.726,0.769,0.76,0.814,0.826,0.825,0.818,0.84
5:35:16,37,0.808,0.804,0.818,0.822,0.847,0.799,0.822,0.796,0.801,0.859,0.714,0.78,0.752,0.798,0.774,0.836,0.825,0.842,0.848,0.835,0.772,0.763,0.788,0.799,0.802,0.83,0.842,0.825,0.838,0.849,0.723,0.746,0.784,0.793,0.789,0.838,0.864,0.852,0.862,0.865,0.74,0.719,0.762,0.778,0.786,0.837,0.87,0.863,0.856,0.861,0.703,0.681,0.723,0.769,0.758,0.813,0.827,0.825,0.819,0.841
5:41:16,37,0.806,0.804,0.82,0.823,0.849,0.801,0.824,0.795,0.801,0.86,0.718,0.776,0.752,0.795,0.773,0.836,0.823,0.841,0.845,0.836,0.773,0.763,0.788,0.799,0.798,0.829,0.841,0.831,0.834,0.849,0.722,0.736,0.784,0.794,0.788,0.838,0.865,0.853,0.862,0.865,0.741,0.728,0.761,0.771,0.781,0.837,0.871,0.863,0.857,0.861,0.7,0.667,0.724,0.767,0.76,0.814,0.827,0.827,0.82,0.842
5:47:16,37,0.806,0.804,0.821,0.824,0.851,0.802,0.823,0.795,0.8,0.86,0.715,0.78,0.754,0.795,0.772,0.833,0.82,0.833,0.834,0.832,0.774,0.761,0.783,0.797,0.797,0.826,0.839,0.833,0.832,0.849,0.718,0.74,0.783,0.792,0.791,0.838,0.866,0.853,0.863,0.865,0.741,0.722,0.759,0.771,0.786,0.837,0.872,0.864,0.858,0.862,0.704,0.666,0.725,0.77,0.761,0.815,0.829,0.829,0.821,0.844
5:53:16,37,0.807,0.804,0.82,0.824,0.851,0.801,0.822,0.795,0.8,0.86,0.715,0.778,0.752,0.79,0.772,0.83,0.823,0.835,0.833,0.831,0.773,0.761,0.78,0.793,0.796,0.825,0.839,0.835,0.83,0.849,0.722,0.739,0.783,0.792,0.791,0.837,0.865,0.853,0.863,0.866,0.737,0.717,0.759,0.764,0.782,0.837,0.872,0.864,0.857,0.861,0.706,0.671,0.724,0.767,0.759,0.816,0.831,0.83,0.821,0.845
5:59:16,37,0.808,0.804,0.822,0.826,0.852,0.8,0.823,0.797,0.805,0.863,0.716,0.777,0.752,0.79,0.773,0.831,0.819,0.834,0.842,0.832,0.771,0.761,0.779,0.791,0.793,0.828,0.839,0.838,0.831,0.849,0.731,0.736,0.782,0.788,0.786,0.837,0.866,0.862,0.863,0.866,0.74,0.728,0.762,0.758,0.777,0.838,0.874,0.864,0.858,0.863,0.706,0.673,0.723,0.77,0.759,0.817,0.831,0.832,0.823,0.846
6:05:16,37,0.809,0.802,0.823,0.826,0.853,0.798,0.817,0.794,0.8,0.859,0.714,0.779,0.75,0.784,0.771,0.825,0.817,0.831,0.836,0.827,0.767,0.758,0.778,0.789,0.792,0.822,0.838,0.836,0.828,0.848,0.715,0.734,0.779,0.789,0.782,0.837,0.867,0.864,0.863,0.868,0.736,0.72,0.757,0.775,0.779,0.837,0.874,0.864,0.858,0.862,0.705,0.67,0.723,0.764,0.752,0.816,0.832,0.832,0.823,0.848
6:11:16,37,0.809,0.803,0.825,0.828,0.854,0.797,0.818,0.795,0.799,0.858,0.712,0.777,0.753,0.782,0.771,0.826,0.815,0.827,0.833,0.825,0.769,0.759,0.774,0.787,0.79,0.821,0.838,0.836,0.827,0.847,0.715,0.742,0.776,0.784,0.784,0.836,0.867,0.865,0.864,0.868,0.739,0.723,0.755,0.771,0.778,0.838,0.875,0.865,0.859,0.863,0.703,0.674,0.724,0.766,0.755,0.817,0.833,0.835,0.824,0.849
6:17:16,37,0.811,0.805,0.826,0.83,0.856,0.798,0.822,0.796,0.801,0.858,0.716,0.773,0.751,0.784,0.772,0.826,0.817,0.831,0.836,0.828,0.769,0.76,0.773,0.787,0.787,0.822,0.839,0.837,0.828,0.848,0.714,0.733,0.775,0.785,0.782,0.837,0.868,0.866,0.864,0.868,0.741,0.73,0.759,0.764,0.775,0.838,0.876,0.866,0.86,0.863,0.706,0.676,0.723,0.768,0.756,0.818,0.834,0.835,0.825,0.85
6:23:16,37,0.807,0.804,0.825,0.829,0.857,0.795,0.818,0.794,0.796,0.853,0.711,0.766,0.749,0.78,0.769,0.822,0.814,0.828,0.834,0.825,0.77,0.758,0.773,0.784,0.784,0.819,0.837,0.835,0.826,0.847,0.706,0.733,0.776,0.778,0.783,0.836,0.867,0.866,0.864,0.868,0.741,0.719,0.759,0.775,0.763,0.838,0.876,0.866,0.86,0.863,0.702,0.674,0.721,0.764,0.758,0.818,0.835,0.836,0.825,0.852
6:29:16,37,0.807,0.805,0.826,0.832,0.858,0.795,0.815,0.791,0.799,0.855,0.711,0.767,0.75,0.778,0.77,0.823,0.814,0.826,0.832,0.823,0.762,0.756,0.768,0.785,0.785,0.818,0.836,0.834,0.825,0.847,0.703,0.74,0.772,0.779,0.78,0.836,0.868,0.866,0.865,0.868,0.742,0.717,0.759,0.773,0.766,0.838,0.878,0.866,0.86,0.863,0.699,0.674,0.717,0.767,0.756,0.819,0.836,0.838,0.826,0.854
6:35:16,37,0.808,0.805,0.827,0.832,0.859,0.793,0.816,0.79,0.793,0.853,0.708,0.767,0.751,0.779,0.767,0.821,0.811,0.824,0.827,0.821,0.765,0.758,0.769,0.782,0.784,0.817,0.835,0.834,0.824,0.847,0.704,0.734,0.769,0.776,0.775,0.835,0.868,0.866,0.864,0.868,0.741,0.723,0.759,0.77,0.769,0.838,0.879,0.866,0.86,0.863,0.703,0.674,0.722,0.761,0.756,0.819,0.836,0.84,0.826,0.856
6:41:16,36.9,0.808,0.805,0.828,0.834,0.86,0.796,0.816,0.789,0.797,0.854,0.708,0.767,0.748,0.78,0.769,0.82,0.811,0.825,0.829,0.822,0.761,0.759,0.767,0.783,0.782,0.817,0.836,0.833,0.823,0.847,0.706,0.733,0.769,0.777,0.773,0.835,0.868,0.866,0.865,0.87,0.737,0.72,0.755,0.759,0.769,0.838,0.88,0.866,0.861,0.864,0.698,0.677,0.722,0.765,0.756,0.82,0.837,0.842,0.827,0.859
6:47:16,37,0.808,0.804,0.828,0.834,0.861,0.79,0.815,0.787,0.795,0.852,0.708,0.767,0.749,0.775,0.767,0.82,0.809,0.823,0.827,0.82,0.764,0.756,0.767,0.782,0.782,0.814,0.834,0.831,0.822,0.845,0.706,0.738,0.768,0.779,0.776,0.834,0.868,0.866,0.865,0.869,0.741,0.716,0.757,0.763,0.756,0.838,0.88,0.867,0.861,0.865,0.7,0.674,0.716,0.761,0.757,0.82,0.839,0.844,0.828,0.862
6:53:16,37,0.809,0.805,0.829,0.835,0.862,0.789,0.814,0.785,0.792,0.851,0.708,0.761,0.75,0.776,0.769,0.818,0.808,0.82,0.827,0.817,0.766,0.759,0.763,0.778,0.78,0.814,0.834,0.831,0.821,0.845,0.697,0.727,0.766,0.778,0.773,0.834,0.868,0.866,0.865,0.869,0.734,0.719,0.751,0.773,0.765,0.838,0.88,0.867,0.861,0.864,0.693,0.672,0.716,0.766,0.751,0.821,0.84,0.847,0.829,0.865
6:59:16,36.9,0.808,0.804,0.829,0.836,0.863,0.789,0.812,0.787,0.791,0.852,0.707,0.762,0.759,0.774,0.765,0.816,0.808,0.82,0.825,0.816,0.761,0.758,0.765,0.779,0.778,0.813,0.833,0.829,0.82,0.84,0.7,0.726,0.765,0.769,0.766,0.833,0.869,0.866,0.865,0.869,0.728,0.719,0.747,0.759,0.765,0.838,0.882,0.868,0.861,0.864,0.7,0.672,0.715,0.764,0.754,0.821,0.84,0.85,0.829,0.869
7:05:16,37,0.809,0.804,0.83,0.837,0.864,0.787,0.81,0.784,0.791,0.849,0.707,0.762,0.755,0.771,0.766,0.817,0.805,0.82,0.824,0.817,0.761,0.75,0.764,0.78,0.778,0.812,0.831,0.829,0.819,0.844,0.704,0.733,0.763,0.775,0.773,0.833,0.869,0.866,0.865,0.869,0.728,0.724,0.746,0.769,0.763,0.838,0.882,0.868,0.862,0.864,0.702,0.674,0.716,0.761,0.755,0.822,0.842,0.853,0.83,0.873
7:11:16,37,0.809,0.804,0.83,0.837,0.864,0.786,0.809,0.787,0.788,0.849,0.704,0.76,0.756,0.773,0.766,0.814,0.804,0.818,0.823,0.816,0.757,0.758,0.759,0.774,0.775,0.811,0.83,0.828,0.818,0.846,0.702,0.727,0.755,0.776,0.766,0.832,0.869,0.865,0.865,0.869,0.733,0.716,0.754,0.762,0.761,0.838,0.883,0.868,0.862,0.865,0.699,0.675,0.714,0.763,0.754,0.822,0.843,0.857,0.831,0.876
7:17:16,36.9,0.809,0.804,0.831,0.838,0.865,0.783,0.806,0.782,0.785,0.848,0.706,0.759,0.755,0.769,0.763,0.81,0.8,0.815,0.822,0.813,0.76,0.752,0.761,0.774,0.776,0.81,0.83,0.826,0.817,0.848,0.706,0.725,0.76,0.773,0.77,0.841,0.869,0.866,0.865,0.87,0.735,0.715,0.759,0.769,0.76,0.838,0.884,0.869,0.862,0.865,0.69,0.671,0.711,0.763,0.754,0.823,0.845,0.86,0.832,0.879
7:23:16,37,0.807,0.803,0.83,0.839,0.866,0.785,0.807,0.785,0.789,0.848,0.704,0.757,0.756,0.771,0.764,0.812,0.802,0.816,0.823,0.814,0.759,0.759,0.758,0.774,0.773,0.809,0.829,0.826,0.816,0.848,0.705,0.73,0.758,0.773,0.764,0.842,0.869,0.865,0.865,0.87,0.739,0.722,0.758,0.764,0.759,0.837,0.885,0.869,0.862,0.865,0.697,0.671,0.719,0.761,0.753,0.823,0.846,0.863,0.833,0.882
7:29:16,37,0.807,0.804,0.831,0.84,0.867,0.782,0.804,0.782,0.785,0.847,0.705,0.757,0.756,0.772,0.763,0.809,0.799,0.814,0.82,0.813,0.758,0.757,0.773,0.773,0.773,0.808,0.828,0.825,0.815,0.848,0.708,0.728,0.758,0.771,0.767,0.843,0.869,0.866,0.865,0.87,0.739,0.721,0.759,0.759,0.757,0.838,0.886,0.869,0.863,0.865,0.699,0.674,0.727,0.761,0.753,0.824,0.849,0.865,0.834,0.884
7:35:16,37,0.806,0.802,0.831,0.841,0.868,0.782,0.804,0.781,0.787,0.845,0.703,0.754,0.757,0.766,0.762,0.808,0.799,0.813,0.82,0.812,0.754,0.755,0.771,0.77,0.771,0.807,0.827,0.824,0.814,0.848,0.704,0.725,0.757,0.77,0.757,0.843,0.869,0.865,0.864,0.869,0.738,0.718,0.755,0.758,0.75,0.838,0.887,0.87,0.863,0.865,0.7,0.669,0.726,0.751,0.753,0.825,0.852,0.868,0.836,0.887
7:41:16,37,0.806,0.801,0.831,0.843,0.871,0.782,0.802,0.779,0.787,0.846,0.705,0.753,0.752,0.767,0.763,0.807,0.796,0.813,0.82,0.812,0.755,0.758,0.772,0.772,0.77,0.806,0.826,0.823,0.813,0.847,0.7,0.725,0.755,0.765,0.767,0.843,0.869,0.865,0.864,0.87,0.733,0.714,0.755,0.76,0.756,0.838,0.889,0.87,0.863,0.866,0.699,0.672,0.73,0.76,0.752,0.825,0.854,0.875,0.837,0.895
7:47:16,37,0.808,0.802,0.833,0.847,0.875,0.781,0.802,0.78,0.782,0.846,0.703,0.756,0.755,0.768,0.762,0.804,0.795,0.811,0.818,0.811,0.754,0.753,0.77,0.77,0.768,0.804,0.825,0.822,0.812,0.847,0.703,0.732,0.754,0.769,0.759,0.842,0.869,0.865,0.865,0.87,0.737,0.717,0.752,0.762,0.755,0.843,0.891,0.87,0.864,0.865,0.698,0.669,0.724,0.756,0.75,0.826,0.857,0.879,0.839,0.898
7:53:16,37,0.808,0.801,0.836,0.849,0.878,0.78,0.801,0.779,0.785,0.845,0.704,0.751,0.753,0.765,0.76,0.805,0.796,0.81,0.82,0.811,0.753,0.755,0.769,0.769,0.769,0.804,0.825,0.822,0.811,0.847,0.702,0.728,0.753,0.763,0.763,0.842,0.87,0.865,0.864,0.869,0.736,0.724,0.753,0.752,0.754,0.843,0.892,0.871,0.864,0.866,0.695,0.669,0.732,0.759,0.751,0.826,0.862,0.878,0.842,0.896
7:59:16,37,0.807,0.8,0.838,0.85,0.878,0.777,0.798,0.776,0.781,0.844,0.704,0.755,0.756,0.767,0.76,0.8,0.792,0.808,0.816,0.807,0.752,0.754,0.766,0.768,0.768,0.802,0.823,0.82,0.809,0.845,0.705,0.726,0.75,0.766,0.762,0.841,0.87,0.865,0.864,0.869,0.736,0.724,0.753,0.758,0.752,0.843,0.894,0.87,0.864,0.866,0.695,0.666,0.729,0.752,0.741,0.827,0.869,0.877,0.85,0.896
8:05:16,37,0.809,0.802,0.839,0.85,0.878,0.777,0.798,0.773,0.778,0.841,0.7,0.749,0.754,0.764,0.759,0.799,0.789,0.805,0.815,0.807,0.748,0.75,0.769,0.765,0.766,0.801,0.822,0.818,0.808,0.845,0.703,0.731,0.753,0.765,0.762,0.841,0.87,0.864,0.864,0.869,0.736,0.717,0.753,0.759,0.751,0.843,0.903,0.87,0.865,0.866,0.692,0.664,0.729,0.757,0.749,0.827,0.869,0.88,0.852,0.899
8:11:16,37,0.809,0.804,0.839,0.85,0.878,0.776,0.797,0.774,0.779,0.843,0.703,0.75,0.752,0.763,0.758,0.8,0.789,0.806,0.814,0.808,0.749,0.751,0.769,0.768,0.767,0.801,0.822,0.819,0.807,0.845,0.702,0.728,0.75,0.758,0.758,0.84,0.87,0.865,0.863,0.869,0.732,0.719,0.753,0.756,0.746,0.843,0.906,0.871,0.87,0.866,0.69,0.668,0.73,0.758,0.748,0.834,0.869,0.881,0.85,0.899
8:17:16,37,0.811,0.805,0.839,0.85,0.877,0.777,0.799,0.775,0.781,0.841,0.704,0.749,0.75,0.763,0.756,0.801,0.79,0.806,0.816,0.807,0.747,0.752,0.767,0.767,0.766,0.8,0.821,0.818,0.807,0.845,0.701,0.729,0.747,0.762,0.761,0.84,0.871,0.864,0.864,0.87,0.732,0.715,0.75,0.758,0.75,0.843,0.906,0.874,0.874,0.868,0.693,0.668,0.731,0.756,0.747,0.837,0.869,0.882,0.85,0.899
8:23:16,37,0.811,0.805,0.839,0.85,0.877,0.775,0.794,0.772,0.777,0.84,0.697,0.748,0.749,0.763,0.757,0.797,0.787,0.804,0.813,0.804,0.745,0.749,0.763,0.764,0.764,0.799,0.82,0.817,0.805,0.843,0.703,0.733,0.749,0.763,0.759,0.838,0.876,0.864,0.863,0.87,0.732,0.72,0.747,0.756,0.748,0.843,0.905,0.879,0.874,0.872,0.69,0.665,0.724,0.757,0.747,0.836,0.872,0.882,0.85,0.899
8:29:16,37,0.811,0.805,0.839,0.85,0.878,0.774,0.794,0.771,0.776,0.841,0.697,0.747,0.749,0.761,0.754,0.795,0.787,0.802,0.811,0.804,0.743,0.746,0.765,0.766,0.761,0.798,0.82,0.816,0.804,0.843,0.702,0.723,0.745,0.756,0.758,0.838,0.881,0.867,0.866,0.876,0.732,0.721,0.748,0.75,0.748,0.846,0.906,0.88,0.873,0.874,0.688,0.662,0.725,0.755,0.743,0.835,0.873,0.883,0.852,0.901
8:35:16,36.9,0.811,0.805,0.839,0.853,0.88,0.775,0.796,0.771,0.776,0.84,0.701,0.75,0.748,0.761,0.753,0.796,0.786,0.802,0.812,0.806,0.744,0.746,0.766,0.764,0.76,0.8,0.819,0.815,0.803,0.842,0.702,0.729,0.748,0.761,0.757,0.837,0.882,0.872,0.871,0.88,0.733,0.72,0.745,0.754,0.746,0.85,0.909,0.88,0.873,0.874,0.689,0.661,0.727,0.756,0.745,0.835,0.874,0.883,0.852,0.903
8:41:16,37,0.811,0.804,0.84,0.853,0.88,0.772,0.793,0.77,0.775,0.84,0.7,0.748,0.744,0.76,0.752,0.794,0.783,0.799,0.811,0.802,0.741,0.743,0.763,0.762,0.762,0.797,0.813,0.814,0.801,0.841,0.701,0.733,0.746,0.76,0.755,0.836,0.882,0.873,0.872,0.881,0.73,0.718,0.746,0.753,0.747,0.85,0.909,0.879,0.873,0.873,0.687,0.66,0.725,0.754,0.744,0.834,0.875,0.885,0.853,0.903
8:47:16,37,0.811,0.804,0.841,0.854,0.88,0.772,0.794,0.768,0.774,0.839,0.698,0.747,0.748,0.759,0.751,0.793,0.783,0.797,0.81,0.802,0.741,0.745,0.763,0.761,0.761,0.8,0.816,0.813,0.801,0.842,0.7,0.732,0.745,0.757,0.755,0.836,0.88,0.873,0.873,0.879,0.725,0.718,0.745,0.746,0.741,0.85,0.91,0.878,0.872,0.873,0.687,0.664,0.722,0.754,0.744,0.834,0.877,0.886,0.854,0.905
8:53:16,37,0.811,0.804,0.842,0.854,0.881,0.772,0.792,0.767,0.772,0.838,0.7,0.743,0.743,0.759,0.751,0.791,0.781,0.797,0.809,0.802,0.74,0.742,0.762,0.758,0.759,0.799,0.818,0.813,0.799,0.842,0.699,0.733,0.743,0.755,0.754,0.835,0.88,0.873,0.872,0.879,0.73,0.717,0.741,0.75,0.744,0.849,0.911,0.878,0.872,0.873,0.681,0.659,0.723,0.752,0.743,0.836,0.878,0.888,0.855,0.905
8:59:16,37,0.811,0.805,0.842,0.855,0.882,0.771,0.792,0.768,0.772,0.838,0.698,0.74,0.745,0.762,0.75,0.792,0.782,0.796,0.808,0.802,0.74,0.743,0.763,0.76,0.758,0.799,0.826,0.822,0.799,0.851,0.698,0.728,0.742,0.757,0.753,0.837,0.879,0.872,0.872,0.879,0.727,0.714,0.743,0.749,0.741,0.849,0.912,0.878,0.874,0.872,0.688,0.662,0.724,0.752,0.74,0.837,0.879,0.89,0.856,0.907
9:05:16,37,0.811,0.804,0.842,0.854,0.881,0.776,0.791,0.767,0.772,0.837,0.695,0.739,0.742,0.763,0.748,0.796,0.784,0.795,0.807,0.799,0.74,0.743,0.76,0.764,0.758,0.798,0.83,0.824,0.797,0.854,0.696,0.73,0.741,0.756,0.752,0.84,0.879,0.871,0.871,0.877,0.725,0.716,0.742,0.744,0.741,0.849,0.913,0.879,0.874,0.873,0.68,0.671,0.721,0.75,0.739,0.837,0.88,0.89,0.856,0.908
9:11:16,37,0.811,0.805,0.843,0.856,0.882,0.779,0.797,0.765,0.77,0.837,0.698,0.741,0.743,0.764,0.747,0.799,0.79,0.796,0.814,0.799,0.74,0.741,0.758,0.765,0.761,0.802,0.831,0.825,0.798,0.854,0.696,0.731,0.742,0.757,0.748,0.841,0.879,0.871,0.87,0.877,0.723,0.707,0.74,0.746,0.74,0.849,0.915,0.88,0.874,0.874,0.685,0.669,0.721,0.75,0.737,0.837,0.882,0.892,0.857,0.909
9:17:16,37,0.812,0.806,0.844,0.856,0.883,0.781,0.8,0.766,0.77,0.846,0.694,0.745,0.74,0.764,0.746,0.802,0.792,0.801,0.817,0.798,0.74,0.742,0.761,0.763,0.761,0.804,0.832,0.826,0.801,0.855,0.699,0.731,0.74,0.76,0.75,0.842,0.88,0.871,0.87,0.879,0.722,0.713,0.741,0.739,0.74,0.849,0.917,0.88,0.875,0.874,0.684,0.671,0.719,0.748,0.735,0.837,0.884,0.893,0.858,0.91
9:23:16,37,0.813,0.807,0.844,0.857,0.884,0.782,0.803,0.766,0.77,0.853,0.696,0.746,0.742,0.764,0.746,0.802,0.792,0.805,0.821,0.799,0.739,0.742,0.762,0.762,0.761,0.805,0.833,0.826,0.803,0.855,0.695,0.728,0.739,0.757,0.752,0.842,0.881,0.871,0.87,0.878,0.723,0.713,0.741,0.74,0.74,0.849,0.918,0.88,0.875,0.875,0.68,0.667,0.72,0.747,0.733,0.838,0.885,0.894,0.86,0.911
9:29:16,37,0.813,0.807,0.844,0.856,0.884,0.783,0.803,0.767,0.769,0.853,0.695,0.747,0.74,0.764,0.744,0.803,0.793,0.804,0.82,0.798,0.739,0.743,0.763,0.764,0.762,0.805,0.833,0.825,0.804,0.854,0.695,0.727,0.739,0.759,0.754,0.841,0.88,0.872,0.871,0.878,0.719,0.709,0.738,0.739,0.739,0.851,0.921,0.88,0.875,0.875,0.682,0.668,0.717,0.748,0.733,0.838,0.886,0.894,0.861,0.912
9:35:16,37,0.815,0.809,0.844,0.857,0.884,0.784,0.805,0.771,0.77,0.856,0.694,0.744,0.741,0.763,0.746,0.804,0.793,0.806,0.821,0.804,0.738,0.742,0.762,0.764,0.761,0.805,0.833,0.825,0.804,0.853,0.695,0.728,0.737,0.758,0.753,0.84,0.88,0.872,0.871,0.879,0.72,0.708,0.737,0.739,0.742,0.851,0.923,0.881,0.875,0.875,0.681,0.667,0.717,0.743,0.736,0.839,0.888,0.896,0.863,0.913
9:41:16,37,0.815,0.811,0.846,0.859,0.885,0.785,0.806,0.774,0.775,0.854,0.694,0.746,0.744,0.763,0.748,0.804,0.794,0.806,0.821,0.807,0.737,0.741,0.763,0.764,0.761,0.805,0.834,0.825,0.805,0.852,0.694,0.728,0.737,0.758,0.754,0.842,0.88,0.872,0.872,0.879,0.719,0.706,0.737,0.738,0.741,0.851,0.925,0.881,0.876,0.875,0.681,0.666,0.715,0.745,0.737,0.841,0.89,0.898,0.865,0.915
9:47:16,37,0.815,0.811,0.846,0.86,0.887,0.785,0.805,0.775,0.778,0.855,0.693,0.747,0.746,0.764,0.749,0.804,0.794,0.807,0.822,0.807,0.735,0.741,0.762,0.763,0.761,0.805,0.834,0.824,0.806,0.852,0.694,0.727,0.74,0.758,0.754,0.84,0.881,0.872,0.871,0.879,0.72,0.707,0.737,0.737,0.743,0.852,0.928,0.882,0.877,0.876,0.678,0.666,0.714,0.744,0.737,0.841,0.892,0.899,0.867,0.918
9:53:16,37,0.815,0.812,0.847,0.859,0.887,0.784,0.806,0.777,0.778,0.854,0.694,0.747,0.747,0.764,0.749,0.803,0.793,0.807,0.821,0.807,0.737,0.74,0.763,0.763,0.761,0.804,0.834,0.822,0.805,0.852,0.694,0.722,0.741,0.757,0.755,0.84,0.88,0.872,0.871,0.879,0.72,0.707,0.735,0.738,0.743,0.852,0.929,0.883,0.877,0.876,0.677,0.665,0.712,0.743,0.736,0.842,0.893,0.902,0.868,0.923
9:59:16,36.9,0.816,0.812,0.848,0.861,0.888,0.786,0.805,0.777,0.779,0.853,0.694,0.747,0.748,0.764,0.75,0.803,0.793,0.806,0.82,0.808,0.738,0.739,0.762,0.764,0.761,0.804,0.835,0.822,0.805,0.852,0.694,0.721,0.742,0.758,0.755,0.84,0.882,0.872,0.871,0.879,0.721,0.705,0.734,0.738,0.74,0.853,0.93,0.883,0.878,0.878,0.675,0.665,0.714,0.742,0.734,0.842,0.894,0.909,0.87,0.923
10:05:16,37,0.815,0.812,0.847,0.861,0.889,0.785,0.806,0.778,0.781,0.852,0.694,0.747,0.748,0.763,0.751,0.803,0.793,0.806,0.819,0.808,0.739,0.739,0.762,0.764,0.762,0.803,0.835,0.821,0.805,0.852,0.695,0.722,0.742,0.759,0.756,0.84,0.882,0.872,0.872,0.879,0.72,0.707,0.735,0.739,0.741,0.853,0.932,0.884,0.879,0.877,0.675,0.664,0.715,0.74,0.734,0.843,0.895,0.908,0.871,0.924
10:11:16,37,0.815,0.813,0.849,0.861,0.889,0.786,0.805,0.779,0.782,0.851,0.694,0.747,0.749,0.763,0.751,0.802,0.792,0.806,0.818,0.808,0.738,0.738,0.762,0.764,0.761,0.803,0.834,0.82,0.806,0.851,0.695,0.72,0.742,0.758,0.755,0.839,0.883,0.872,0.871,0.879,0.719,0.707,0.735,0.741,0.74,0.853,0.933,0.884,0.879,0.878,0.674,0.663,0.714,0.739,0.734,0.843,0.896,0.909,0.873,0.923
10:17:16,37,0.815,0.812,0.849,0.863,0.89,0.786,0.806,0.779,0.782,0.85,0.694,0.747,0.749,0.763,0.751,0.802,0.792,0.805,0.818,0.808,0.739,0.738,0.761,0.764,0.761,0.803,0.834,0.82,0.804,0.85,0.694,0.72,0.742,0.759,0.756,0.84,0.883,0.873,0.872,0.879,0.719,0.707,0.738,0.741,0.741,0.854,0.935,0.885,0.88,0.879,0.676,0.663,0.714,0.737,0.734,0.845,0.899,0.909,0.875,0.924
10:23:16,37,0.817,0.812,0.85,0.864,0.892,0.788,0.808,0.779,0.783,0.851,0.693,0.748,0.75,0.764,0.751,0.803,0.793,0.806,0.819,0.808,0.739,0.74,0.762,0.765,0.761,0.802,0.834,0.822,0.806,0.85,0.693,0.722,0.743,0.76,0.756,0.841,0.884,0.873,0.873,0.881,0.72,0.707,0.739,0.744,0.741,0.855,0.938,0.886,0.881,0.88,0.677,0.663,0.714,0.741,0.734,0.846,0.904,0.912,0.877,0.928
10:29:16,37,0.817,0.812,0.851,0.864,0.892,0.787,0.807,0.78,0.783,0.85,0.694,0.747,0.75,0.763,0.751,0.801,0.791,0.805,0.818,0.806,0.74,0.74,0.761,0.776,0.761,0.801,0.833,0.821,0.805,0.85,0.693,0.719,0.743,0.758,0.756,0.841,0.884,0.873,0.873,0.881,0.721,0.707,0.74,0.743,0.74,0.856,0.939,0.886,0.882,0.881,0.676,0.66,0.713,0.741,0.735,0.847,0.908,0.911,0.879,0.926
10:35:16,37,0.819,0.813,0.851,0.865,0.893,0.787,0.808,0.78,0.784,0.849,0.695,0.748,0.75,0.763,0.752,0.802,0.792,0.805,0.818,0.806,0.74,0.741,0.761,0.774,0.76,0.801,0.832,0.82,0.805,0.85,0.692,0.718,0.742,0.758,0.755,0.841,0.885,0.874,0.873,0.881,0.721,0.707,0.739,0.743,0.74,0.856,0.942,0.887,0.882,0.881,0.675,0.661,0.713,0.743,0.736,0.847,0.91,0.91,0.882,0.927
10:41:16,37,0.82,0.813,0.852,0.866,0.894,0.786,0.807,0.78,0.784,0.848,0.696,0.747,0.75,0.762,0.752,0.802,0.791,0.805,0.816,0.807,0.74,0.742,0.76,0.773,0.76,0.801,0.832,0.819,0.804,0.849,0.692,0.72,0.742,0.758,0.754,0.842,0.886,0.874,0.873,0.881,0.722,0.709,0.741,0.744,0.741,0.857,0.943,0.888,0.883,0.882,0.675,0.661,0.713,0.743,0.736,0.848,0.911,0.911,0.886,0.927
10:47:16,37,0.82,0.813,0.853,0.866,0.894,0.787,0.808,0.78,0.784,0.848,0.697,0.748,0.75,0.762,0.751,0.802,0.791,0.806,0.817,0.806,0.74,0.742,0.76,0.773,0.759,0.8,0.831,0.82,0.806,0.849,0.692,0.723,0.743,0.757,0.755,0.842,0.887,0.875,0.874,0.882,0.722,0.709,0.741,0.744,0.74,0.858,0.947,0.888,0.884,0.883,0.675,0.66,0.714,0.744,0.736,0.849,0.911,0.911,0.892,0.926
10:53:16,37,0.821,0.813,0.854,0.867,0.895,0.787,0.808,0.781,0.784,0.849,0.698,0.748,0.75,0.762,0.752,0.802,0.791,0.805,0.818,0.806,0.74,0.743,0.761,0.774,0.759,0.801,0.831,0.82,0.806,0.85,0.694,0.725,0.742,0.758,0.754,0.842,0.888,0.875,0.874,0.882,0.723,0.71,0.74,0.745,0.742,0.859,0.952,0.89,0.885,0.884,0.676,0.659,0.715,0.746,0.736,0.851,0.912,0.912,0.893,0.928
10:59:16,36.9,0.822,0.814,0.854,0.868,0.896,0.786,0.807,0.78,0.784,0.846,0.699,0.748,0.75,0.76,0.751,0.802,0.791,0.805,0.815,0.806,0.74,0.743,0.76,0.773,0.759,0.8,0.831,0.818,0.805,0.849,0.694,0.726,0.742,0.757,0.754,0.842,0.888,0.875,0.874,0.883,0.722,0.711,0.741,0.744,0.74,0.859,0.954,0.89,0.885,0.884,0.677,0.658,0.716,0.746,0.737,0.851,0.911,0.911,0.892,0.93
11:05:16,37,0.823,0.814,0.855,0.869,0.897,0.786,0.807,0.781,0.784,0.847,0.7,0.748,0.75,0.76,0.751,0.802,0.79,0.806,0.816,0.806,0.741,0.744,0.76,0.771,0.759,0.801,0.83,0.818,0.805,0.849,0.694,0.726,0.742,0.757,0.754,0.842,0.89,0.875,0.875,0.883,0.724,0.711,0.741,0.745,0.741,0.86,0.956,0.891,0.886,0.886,0.678,0.658,0.717,0.746,0.737,0.852,0.912,0.912,0.893,0.936
11:11:16,37,0.823,0.815,0.856,0.869,0.898,0.787,0.807,0.781,0.785,0.846,0.7,0.748,0.751,0.76,0.751,0.802,0.792,0.805,0.816,0.806,0.74,0.745,0.76,0.773,0.759,0.8,0.83,0.819,0.806,0.85,0.694,0.727,0.743,0.757,0.754,0.842,0.892,0.875,0.875,0.884,0.723,0.712,0.741,0.744,0.741,0.861,0.958,0.892,0.886,0.886,0.679,0.658,0.717,0.746,0.737,0.853,0.911,0.914,0.893,0.939
11:17:15,37,0.824,0.815,0.856,0.87,0.897,0.786,0.806,0.781,0.784,0.846,0.701,0.748,0.75,0.759,0.752,0.802,0.791,0.804,0.816,0.805,0.741,0.745,0.759,0.771,0.758,0.8,0.83,0.818,0.805,0.849,0.695,0.727,0.742,0.756,0.753,0.843,0.892,0.876,0.876,0.885,0.724,0.712,0.741,0.744,0.74,0.861,0.957,0.892,0.887,0.887,0.68,0.658,0.718,0.746,0.737,0.853,0.911,0.918,0.892,0.94
11:23:16,37,0.825,0.815,0.857,0.87,0.899,0.785,0.806,0.781,0.784,0.846,0.702,0.747,0.75,0.759,0.752,0.801,0.79,0.804,0.815,0.805,0.741,0.745,0.759,0.771,0.757,0.8,0.829,0.817,0.804,0.849,0.695,0.727,0.741,0.756,0.753,0.843,0.894,0.876,0.876,0.885,0.724,0.712,0.741,0.743,0.739,0.863,0.956,0.893,0.888,0.888,0.68,0.66,0.718,0.745,0.737,0.854,0.911,0.922,0.893,0.938
11:29:16,37,0.825,0.816,0.858,0.871,0.9,0.787,0.806,0.782,0.784,0.847,0.702,0.747,0.75,0.759,0.751,0.801,0.791,0.805,0.816,0.805,0.74,0.745,0.759,0.771,0.757,0.8,0.83,0.818,0.805,0.85,0.696,0.727,0.741,0.756,0.752,0.844,0.896,0.877,0.876,0.886,0.724,0.713,0.741,0.744,0.74,0.864,0.956,0.894,0.888,0.889,0.68,0.662,0.718,0.746,0.738,0.856,0.911,0.923,0.892,0.935
11:35:16,37,0.825,0.816,0.858,0.872,0.901,0.787,0.807,0.781,0.785,0.848,0.703,0.748,0.75,0.758,0.751,0.801,0.791,0.804,0.816,0.806,0.741,0.746,0.759,0.77,0.756,0.8,0.83,0.818,0.805,0.85,0.696,0.728,0.741,0.756,0.752,0.844,0.898,0.878,0.877,0.886,0.725,0.713,0.741,0.744,0.741,0.864,0.955,0.895,0.889,0.889,0.681,0.663,0.719,0.746,0.738,0.857,0.912,0.922,0.893,0.933
11:41:16,37,0.828,0.816,0.858,0.871,0.901,0.786,0.806,0.781,0.784,0.845,0.703,0.746,0.751,0.757,0.751,0.801,0.79,0.803,0.814,0.804,0.74,0.746,0.758,0.77,0.757,0.799,0.829,0.817,0.805,0.85,0.697,0.728,0.741,0.755,0.752,0.844,0.899,0.877,0.877,0.887,0.724,0.713,0.741,0.743,0.739,0.865,0.955,0.895,0.89,0.89,0.681,0.663,0.719,0.746,0.738,0.858,0.911,0.919,0.893,0.929
11:47:16,37,0.827,0.818,0.859,0.873,0.902,0.786,0.806,0.781,0.784,0.845,0.704,0.746,0.75,0.757,0.751,0.8,0.79,0.804,0.815,0.803,0.741,0.746,0.759,0.769,0.756,0.799,0.829,0.817,0.804,0.851,0.697,0.727,0.74,0.755,0.751,0.845,0.9,0.878,0.877,0.888,0.724,0.714,0.741,0.743,0.739,0.865,0.955,0.895,0.89,0.891,0.682,0.664,0.719,0.746,0.739,0.859,0.913,0.917,0.894,0.927
11:53:16,37,0.828,0.818,0.86,0.874,0.902,0.786,0.807,0.782,0.784,0.848,0.704,0.746,0.75,0.757,0.75,0.8,0.791,0.803,0.815,0.803,0.74,0.747,0.758,0.769,0.755,0.799,0.829,0.817,0.804,0.853,0.697,0.727,0.74,0.754,0.751,0.846,0.902,0.879,0.878,0.889,0.724,0.714,0.741,0.743,0.739,0.867,0.955,0.897,0.891,0.891,0.683,0.665,0.72,0.746,0.739,0.861,0.918,0.914,0.894,0.924
11:59:16,37,0.828,0.818,0.86,0.874,0.903,0.786,0.806,0.781,0.784,0.848,0.704,0.746,0.75,0.757,0.75,0.8,0.79,0.803,0.815,0.803,0.74,0.747,0.757,0.77,0.755,0.798,0.829,0.817,0.803,0.854,0.697,0.728,0.74,0.754,0.751,0.846,0.904,0.878,0.878,0.889,0.725,0.714,0.741,0.743,0.739,0.867,0.954,0.897,0.892,0.891,0.683,0.666,0.72,0.746,0.739,0.864,0.921,0.911,0.895,0.922
12:05:16,37,0.83,0.819,0.861,0.874,0.903,0.786,0.806,0.781,0.784,0.846,0.704,0.745,0.749,0.756,0.75,0.8,0.79,0.804,0.815,0.803,0.74,0.747,0.757,0.768,0.755,0.798,0.829,0.816,0.803,0.854,0.697,0.728,0.74,0.753,0.75,0.846,0.905,0.879,0.879,0.89,0.725,0.714,0.741,0.743,0.738,0.868,0.954,0.898,0.893,0.893,0.683,0.667,0.72,0.746,0.739,0.867,0.921,0.908,0.896,0.919
