time,temp,A1,A2,A3,A4,A5,A6,A7,A8,A9,A10,A11,A12,B1,B2,B3,B4,B5,B6,B7,B8,B9,B10,B11,B12,C1,C2,C3,C4,C5,C6,C7,C8,C9,C10,C11,C12,D1,D2,D3,D4,D5,D6,D7,D8,D9,D10,D11,D12,E1,E2,E3,E4,E5,E6,E7,E8,E9,E10,E11,E12,F1,F2,F3,F4,F5,F6,F7,F8,F9,F10,F11,F12,G1,G2,G3,G4,G5,G6,G7,G8,G9,G10,G11,G12,H1,H2,H3,H4,H5,H6,H7,H8,H9,H10,H11,H12
0:09:10,37,0.084,0.084,0.085,0.085,0.089,0.085,0.086,0.087,0.084,0.089,0.087,0.086,0.088,0.431,0.136,0.089,0.087,0.089,0.085,0.089,0.091,0.089,0.091,0.092,0.09,0.465,0.146,0.09,0.089,0.088,0.087,0.377,0.116,0.091,0.092,0.091,0.095,0.49,0.165,0.09,0.091,0.09,0.088,0.09,0.09,0.089,0.091,0.091,0.093,0.513,0.177,0.084,0.089,0.088,0.089,0.089,0.091,0.089,0.091,0.093,0.093,0.492,0.158,0.079,0.09,0.091,0.088,0.089,0.09,0.09,0.092,0.091,0.09,0.425,0.135,0.089,0.093,0.089,0.088,0.09,0.09,0.091,0.091,0.09,0.086,0.088,0.089,0.088,0.087,0.087,0.087,0.085,0.091,0.088,0.088,0.091
0:19:10,37,0.084,0.084,0.085,0.085,0.089,0.085,0.085,0.087,0.084,0.089,0.087,0.086,0.088,0.434,0.137,0.089,0.087,0.088,0.085,0.089,0.091,0.089,0.09,0.092,0.09,0.475,0.147,0.089,0.089,0.088,0.087,0.381,0.115,0.09,0.091,0.091,0.095,0.491,0.167,0.09,0.091,0.09,0.087,0.09,0.09,0.089,0.09,0.091,0.092,0.522,0.178,0.084,0.088,0.087,0.088,0.089,0.091,0.089,0.091,0.093,0.093,0.496,0.159,0.085,0.09,0.092,0.088,0.089,0.089,0.09,0.091,0.091,0.09,0.428,0.135,0.085,0.093,0.089,0.088,0.09,0.09,0.091,0.091,0.09,0.085,0.088,0.089,0.087,0.087,0.087,0.087,0.085,0.091,0.088,0.088,0.091
0:29:10,37,0.084,0.084,0.085,0.085,0.089,0.085,0.085,0.086,0.084,0.089,0.087,0.086,0.088,0.435,0.136,0.089,0.087,0.088,0.085,0.089,0.091,0.089,0.09,0.092,0.089,0.469,0.148,0.089,0.089,0.088,0.087,0.384,0.116,0.09,0.091,0.091,0.094,0.493,0.168,0.09,0.091,0.09,0.087,0.09,0.09,0.088,0.09,0.091,0.092,0.526,0.179,0.083,0.088,0.087,0.088,0.089,0.091,0.089,0.091,0.093,0.093,0.49,0.16,0.082,0.09,0.091,0.088,0.089,0.089,0.09,0.091,0.091,0.09,0.43,0.134,0.082,0.092,0.089,0.088,0.09,0.09,0.091,0.091,0.09,0.085,0.088,0.089,0.087,0.087,0.087,0.087,0.085,0.091,0.088,0.088,0.091
0:39:10,37,0.084,0.084,0.085,0.085,0.089,0.085,0.085,0.086,0.084,0.089,0.087,0.086,0.088,0.438,0.136,0.089,0.087,0.088,0.085,0.089,0.091,0.089,0.09,0.092,0.089,0.467,0.148,0.089,0.089,0.088,0.087,0.385,0.116,0.09,0.091,0.091,0.094,0.496,0.169,0.091,0.091,0.089,0.087,0.09,0.09,0.088,0.09,0.091,0.092,0.529,0.181,0.083,0.088,0.087,0.088,0.089,0.091,0.089,0.091,0.093,0.093,0.49,0.161,0.082,0.09,0.091,0.087,0.089,0.089,0.09,0.091,0.091,0.09,0.432,0.136,0.081,0.092,0.089,0.088,0.09,0.09,0.091,0.091,0.09,0.085,0.088,0.089,0.087,0.087,0.087,0.087,0.085,0.091,0.088,0.088,0.091
0:49:10,37,0.084,0.084,0.085,0.085,0.089,0.085,0.085,0.086,0.084,0.089,0.087,0.086,0.088,0.439,0.136,0.089,0.087,0.088,0.085,0.089,0.091,0.089,0.09,0.092,0.09,0.465,0.149,0.089,0.089,0.088,0.087,0.387,0.117,0.09,0.091,0.091,0.094,0.495,0.17,0.091,0.09,0.089,0.087,0.09,0.09,0.088,0.09,0.091,0.092,0.529,0.181,0.084,0.088,0.087,0.088,0.089,0.091,0.089,0.091,0.093,0.093,0.484,0.162,0.082,0.09,0.09,0.088,0.089,0.089,0.09,0.092,0.091,0.09,0.436,0.136,0.082,0.093,0.089,0.088,0.09,0.09,0.091,0.091,0.09,0.085,0.088,0.089,0.087,0.087,0.087,0.087,0.085,0.091,0.088,0.088,0.091
0:59:10,37,0.084,0.084,0.085,0.085,0.089,0.085,0.085,0.086,0.084,0.089,0.087,0.086,0.088,0.441,0.136,0.089,0.086,0.088,0.085,0.089,0.091,0.09,0.092,0.092,0.09,0.465,0.15,0.089,0.089,0.088,0.087,0.395,0.117,0.09,0.092,0.091,0.095,0.499,0.172,0.092,0.09,0.089,0.087,0.09,0.09,0.089,0.09,0.091,0.092,0.532,0.183,0.084,0.088,0.087,0.088,0.089,0.091,0.089,0.091,0.093,0.093,0.485,0.165,0.082,0.09,0.09,0.088,0.089,0.089,0.09,0.091,0.091,0.09,0.442,0.138,0.082,0.093,0.089,0.089,0.09,0.09,0.091,0.091,0.09,0.085,0.088,0.089,0.087,0.087,0.087,0.087,0.085,0.091,0.088,0.088,0.091
1:09:10,37,0.084,0.084,0.085,0.085,0.089,0.085,0.085,0.086,0.084,0.089,0.087,0.086,0.088,0.445,0.137,0.089,0.086,0.089,0.085,0.089,0.091,0.089,0.094,0.092,0.089,0.467,0.151,0.09,0.089,0.088,0.087,0.398,0.118,0.09,0.091,0.091,0.095,0.498,0.173,0.092,0.091,0.089,0.087,0.09,0.09,0.088,0.09,0.091,0.092,0.533,0.184,0.084,0.088,0.087,0.088,0.089,0.091,0.088,0.091,0.093,0.093,0.484,0.167,0.082,0.09,0.09,0.088,0.089,0.089,0.09,0.091,0.091,0.09,0.447,0.14,0.081,0.093,0.089,0.089,0.09,0.09,0.091,0.091,0.09,0.085,0.088,0.089,0.087,0.087,0.087,0.087,0.085,0.091,0.088,0.088,0.09
1:19:10,36.9,0.084,0.084,0.085,0.085,0.089,0.085,0.085,0.086,0.084,0.089,0.087,0.086,0.088,0.445,0.136,0.09,0.086,0.089,0.085,0.089,0.091,0.089,0.091,0.092,0.09,0.466,0.153,0.09,0.089,0.087,0.087,0.401,0.119,0.09,0.091,0.091,0.094,0.498,0.175,0.092,0.091,0.089,0.087,0.09,0.09,0.089,0.09,0.091,0.092,0.535,0.186,0.084,0.088,0.087,0.088,0.089,0.091,0.089,0.091,0.093,0.093,0.484,0.17,0.082,0.09,0.09,0.088,0.089,0.09,0.09,0.092,0.091,0.09,0.455,0.142,0.082,0.093,0.09,0.089,0.09,0.09,0.091,0.091,0.09,0.086,0.088,0.089,0.088,0.087,0.087,0.087,0.085,0.091,0.088,0.088,0.091
1:29:10,37,0.084,0.084,0.085,0.085,0.089,0.085,0.086,0.086,0.084,0.089,0.087,0.086,0.088,0.448,0.137,0.09,0.086,0.089,0.085,0.089,0.091,0.089,0.091,0.092,0.089,0.468,0.153,0.09,0.089,0.087,0.087,0.408,0.12,0.09,0.091,0.091,0.094,0.498,0.177,0.092,0.09,0.089,0.087,0.09,0.09,0.088,0.09,0.091,0.092,0.536,0.188,0.084,0.088,0.087,0.088,0.089,0.091,0.089,0.091,0.093,0.093,0.487,0.173,0.082,0.09,0.091,0.088,0.089,0.089,0.09,0.092,0.091,0.09,0.465,0.145,0.081,0.094,0.089,0.089,0.09,0.09,0.091,0.091,0.09,0.085,0.088,0.089,0.088,0.087,0.087,0.087,0.086,0.091,0.088,0.088,0.091
1:39:10,37,0.084,0.084,0.085,0.085,0.089,0.085,0.085,0.086,0.084,0.089,0.087,0.086,0.088,0.448,0.138,0.09,0.087,0.089,0.085,0.089,0.091,0.089,0.093,0.093,0.09,0.468,0.155,0.09,0.089,0.088,0.087,0.416,0.122,0.09,0.091,0.091,0.095,0.498,0.179,0.092,0.091,0.089,0.088,0.09,0.09,0.088,0.09,0.091,0.092,0.541,0.191,0.084,0.088,0.087,0.088,0.089,0.091,0.089,0.091,0.093,0.093,0.492,0.177,0.082,0.09,0.091,0.088,0.089,0.089,0.09,0.092,0.091,0.09,0.476,0.148,0.082,0.094,0.09,0.09,0.09,0.09,0.091,0.091,0.09,0.086,0.088,0.089,0.088,0.087,0.087,0.087,0.086,0.091,0.088,0.088,0.091
1:49:10,37.1,0.084,0.084,0.086,0.085,0.089,0.085,0.086,0.086,0.084,0.089,0.087,0.086,0.088,0.449,0.139,0.09,0.087,0.089,0.085,0.089,0.091,0.089,0.091,0.093,0.09,0.466,0.156,0.09,0.089,0.088,0.087,0.426,0.124,0.091,0.091,0.091,0.095,0.498,0.181,0.092,0.091,0.089,0.088,0.09,0.09,0.088,0.09,0.091,0.093,0.544,0.194,0.084,0.088,0.087,0.088,0.089,0.091,0.089,0.091,0.093,0.093,0.496,0.181,0.083,0.09,0.091,0.088,0.089,0.089,0.09,0.092,0.091,0.09,0.493,0.151,0.082,0.094,0.09,0.09,0.09,0.09,0.091,0.091,0.09,0.086,0.088,0.089,0.088,0.087,0.087,0.087,0.086,0.091,0.088,0.088,0.091
1:59:10,37.1,0.084,0.084,0.085,0.085,0.089,0.085,0.085,0.086,0.084,0.089,0.087,0.086,0.088,0.45,0.14,0.09,0.087,0.089,0.085,0.089,0.091,0.089,0.093,0.093,0.09,0.467,0.158,0.091,0.089,0.088,0.087,0.44,0.126,0.091,0.092,0.091,0.095,0.5,0.182,0.092,0.091,0.089,0.088,0.09,0.09,0.089,0.09,0.091,0.093,0.547,0.198,0.084,0.088,0.088,0.088,0.089,0.091,0.089,0.091,0.093,0.093,0.5,0.187,0.082,0.091,0.091,0.088,0.089,0.09,0.09,0.092,0.091,0.09,0.509,0.156,0.082,0.094,0.09,0.09,0.09,0.09,0.091,0.091,0.09,0.086,0.088,0.089,0.088,0.087,0.087,0.088,0.086,0.091,0.088,0.088,0.091
2:09:10,37,0.084,0.084,0.086,0.085,0.089,0.085,0.085,0.086,0.084,0.089,0.087,0.086,0.088,0.45,0.141,0.09,0.087,0.089,0.085,0.089,0.091,0.091,0.091,0.093,0.089,0.468,0.16,0.09,0.089,0.088,0.087,0.455,0.129,0.09,0.091,0.091,0.094,0.499,0.185,0.092,0.091,0.089,0.088,0.09,0.09,0.088,0.09,0.091,0.092,0.55,0.203,0.084,0.088,0.087,0.088,0.089,0.091,0.088,0.091,0.093,0.093,0.508,0.193,0.081,0.091,0.091,0.088,0.089,0.089,0.09,0.092,0.091,0.09,0.53,0.16,0.082,0.094,0.091,0.09,0.09,0.09,0.091,0.091,0.09,0.086,0.088,0.089,0.088,0.087,0.087,0.088,0.086,0.091,0.088,0.088,0.091
2:19:10,37,0.084,0.084,0.085,0.085,0.089,0.085,0.085,0.086,0.085,0.089,0.087,0.086,0.088,0.449,0.142,0.089,0.086,0.089,0.085,0.089,0.091,0.09,0.091,0.094,0.089,0.465,0.161,0.091,0.089,0.088,0.087,0.472,0.131,0.09,0.091,0.091,0.094,0.5,0.189,0.092,0.092,0.09,0.088,0.09,0.09,0.088,0.09,0.091,0.093,0.551,0.207,0.084,0.088,0.088,0.089,0.089,0.091,0.089,0.091,0.093,0.093,0.516,0.199,0.082,0.091,0.092,0.088,0.089,0.089,0.09,0.092,0.091,0.09,0.554,0.165,0.081,0.094,0.09,0.09,0.09,0.09,0.091,0.091,0.09,0.086,0.088,0.089,0.088,0.087,0.087,0.088,0.086,0.092,0.088,0.088,0.091
2:29:10,37.1,0.084,0.084,0.085,0.085,0.089,0.085,0.086,0.086,0.084,0.089,0.087,0.086,0.088,0.452,0.143,0.089,0.087,0.089,0.085,0.089,0.091,0.09,0.093,0.094,0.089,0.466,0.163,0.091,0.089,0.088,0.087,0.49,0.135,0.09,0.091,0.091,0.094,0.5,0.193,0.092,0.091,0.09,0.088,0.09,0.09,0.088,0.09,0.091,0.092,0.56,0.213,0.084,0.089,0.088,0.089,0.089,0.091,0.089,0.091,0.093,0.093,0.527,0.206,0.083,0.091,0.092,0.089,0.089,0.089,0.09,0.092,0.091,0.09,0.58,0.17,0.081,0.094,0.091,0.091,0.09,0.09,0.091,0.091,0.09,0.086,0.088,0.089,0.088,0.087,0.087,0.088,0.086,0.091,0.088,0.088,0.09
2:39:10,37.1,0.084,0.084,0.086,0.085,0.089,0.085,0.085,0.086,0.085,0.089,0.087,0.086,0.088,0.452,0.144,0.089,0.087,0.089,0.085,0.089,0.091,0.09,0.091,0.094,0.09,0.465,0.165,0.091,0.089,0.088,0.087,0.51,0.137,0.09,0.091,0.091,0.095,0.5,0.198,0.092,0.092,0.09,0.088,0.09,0.09,0.088,0.09,0.091,0.093,0.565,0.218,0.084,0.089,0.088,0.089,0.089,0.091,0.089,0.091,0.093,0.093,0.537,0.213,0.084,0.092,0.092,0.089,0.089,0.089,0.09,0.092,0.091,0.09,0.613,0.175,0.081,0.095,0.091,0.091,0.09,0.09,0.091,0.091,0.09,0.086,0.088,0.089,0.088,0.087,0.087,0.088,0.086,0.092,0.088,0.088,0.091
2:49:10,37,0.084,0.084,0.085,0.085,0.089,0.085,0.085,0.086,0.084,0.089,0.087,0.086,0.088,0.454,0.146,0.089,0.087,0.089,0.085,0.088,0.091,0.09,0.091,0.094,0.089,0.464,0.167,0.091,0.089,0.088,0.087,0.532,0.14,0.09,0.091,0.091,0.094,0.506,0.203,0.092,0.091,0.09,0.088,0.09,0.09,0.088,0.09,0.091,0.092,0.571,0.226,0.084,0.089,0.088,0.089,0.089,0.091,0.089,0.09,0.093,0.093,0.549,0.221,0.083,0.092,0.092,0.089,0.089,0.089,0.09,0.092,0.091,0.09,0.646,0.182,0.081,0.095,0.091,0.091,0.09,0.09,0.091,0.091,0.09,0.086,0.088,0.089,0.087,0.087,0.087,0.088,0.086,0.091,0.088,0.088,0.09
2:59:10,37,0.084,0.084,0.085,0.085,0.089,0.085,0.086,0.086,0.084,0.089,0.087,0.086,0.088,0.457,0.147,0.089,0.087,0.089,0.086,0.088,0.091,0.09,0.091,0.094,0.089,0.465,0.169,0.091,0.09,0.088,0.087,0.552,0.143,0.09,0.091,0.091,0.094,0.506,0.208,0.092,0.091,0.09,0.088,0.09,0.09,0.088,0.09,0.091,0.092,0.576,0.233,0.084,0.089,0.088,0.09,0.089,0.091,0.089,0.091,0.093,0.093,0.561,0.229,0.082,0.092,0.092,0.089,0.089,0.089,0.09,0.092,0.091,0.09,0.669,0.187,0.081,0.095,0.091,0.092,0.09,0.09,0.091,0.091,0.09,0.086,0.088,0.089,0.087,0.088,0.087,0.088,0.086,0.092,0.088,0.088,0.09
3:09:10,37,0.084,0.084,0.085,0.085,0.089,0.085,0.085,0.086,0.084,0.089,0.087,0.086,0.088,0.459,0.149,0.089,0.087,0.089,0.086,0.089,0.091,0.09,0.091,0.094,0.089,0.465,0.172,0.091,0.09,0.089,0.087,0.578,0.146,0.09,0.091,0.091,0.094,0.507,0.214,0.092,0.092,0.09,0.088,0.09,0.09,0.088,0.09,0.091,0.092,0.582,0.242,0.084,0.089,0.088,0.09,0.089,0.091,0.089,0.09,0.093,0.093,0.575,0.238,0.081,0.092,0.093,0.09,0.089,0.089,0.09,0.092,0.091,0.09,0.698,0.193,0.081,0.095,0.091,0.092,0.09,0.09,0.091,0.091,0.09,0.086,0.088,0.089,0.088,0.087,0.087,0.088,0.086,0.092,0.088,0.088,0.09
3:19:10,37.1,0.084,0.084,0.085,0.085,0.089,0.085,0.085,0.086,0.085,0.089,0.087,0.086,0.088,0.458,0.154,0.089,0.088,0.089,0.086,0.089,0.091,0.09,0.091,0.095,0.089,0.466,0.174,0.091,0.09,0.089,0.087,0.599,0.149,0.09,0.091,0.091,0.094,0.509,0.219,0.092,0.092,0.091,0.089,0.09,0.09,0.089,0.09,0.091,0.092,0.59,0.249,0.084,0.089,0.088,0.09,0.089,0.091,0.089,0.091,0.093,0.093,0.59,0.248,0.081,0.092,0.094,0.09,0.089,0.089,0.09,0.092,0.091,0.09,0.73,0.199,0.081,0.095,0.092,0.092,0.09,0.09,0.091,0.091,0.09,0.086,0.088,0.089,0.088,0.087,0.087,0.088,0.086,0.092,0.088,0.088,0.09
3:29:10,37,0.084,0.084,0.086,0.085,0.089,0.085,0.085,0.086,0.085,0.089,0.087,0.086,0.088,0.462,0.157,0.089,0.088,0.089,0.086,0.089,0.091,0.091,0.091,0.095,0.09,0.466,0.177,0.091,0.09,0.089,0.087,0.625,0.153,0.091,0.091,0.091,0.094,0.515,0.226,0.092,0.092,0.091,0.089,0.09,0.09,0.088,0.091,0.091,0.092,0.598,0.259,0.084,0.09,0.089,0.09,0.089,0.091,0.089,0.091,0.093,0.093,0.607,0.258,0.081,0.093,0.093,0.091,0.089,0.089,0.09,0.092,0.091,0.09,0.756,0.206,0.081,0.096,0.092,0.093,0.09,0.09,0.091,0.091,0.09,0.086,0.088,0.089,0.088,0.088,0.087,0.088,0.086,0.092,0.088,0.088,0.091
3:39:10,37,0.084,0.084,0.086,0.085,0.089,0.085,0.085,0.086,0.085,0.089,0.087,0.086,0.088,0.464,0.156,0.089,0.088,0.09,0.086,0.089,0.091,0.09,0.091,0.095,0.09,0.467,0.18,0.091,0.09,0.089,0.087,0.648,0.156,0.09,0.091,0.091,0.095,0.516,0.233,0.092,0.092,0.091,0.089,0.09,0.09,0.088,0.09,0.091,0.093,0.607,0.268,0.084,0.09,0.089,0.09,0.089,0.091,0.089,0.091,0.093,0.093,0.625,0.27,0.082,0.093,0.094,0.091,0.089,0.09,0.09,0.092,0.091,0.09,0.785,0.212,0.081,0.096,0.092,0.093,0.09,0.09,0.091,0.091,0.09,0.086,0.088,0.089,0.088,0.088,0.087,0.088,0.086,0.092,0.088,0.088,0.091
3:49:10,37,0.084,0.084,0.086,0.085,0.089,0.085,0.085,0.086,0.085,0.089,0.087,0.086,0.088,0.465,0.158,0.089,0.087,0.09,0.086,0.089,0.091,0.091,0.091,0.095,0.089,0.468,0.183,0.091,0.09,0.089,0.087,0.673,0.158,0.09,0.091,0.091,0.094,0.518,0.24,0.092,0.092,0.091,0.089,0.09,0.09,0.088,0.09,0.091,0.092,0.614,0.279,0.084,0.09,0.089,0.091,0.089,0.091,0.089,0.091,0.093,0.093,0.643,0.281,0.083,0.093,0.094,0.091,0.089,0.089,0.09,0.092,0.091,0.09,0.813,0.218,0.081,0.096,0.092,0.093,0.09,0.09,0.091,0.091,0.09,0.086,0.088,0.089,0.088,0.087,0.087,0.088,0.086,0.092,0.088,0.088,0.091
3:59:10,37.1,0.084,0.084,0.086,0.085,0.089,0.085,0.085,0.086,0.085,0.089,0.087,0.086,0.088,0.47,0.16,0.089,0.088,0.09,0.086,0.088,0.091,0.09,0.091,0.095,0.089,0.472,0.186,0.091,0.09,0.089,0.088,0.701,0.162,0.09,0.091,0.091,0.094,0.523,0.248,0.092,0.092,0.092,0.09,0.09,0.09,0.088,0.09,0.091,0.092,0.624,0.287,0.084,0.09,0.089,0.091,0.089,0.091,0.088,0.09,0.093,0.093,0.661,0.294,0.084,0.093,0.094,0.091,0.089,0.089,0.09,0.091,0.091,0.09,0.839,0.226,0.081,0.096,0.093,0.094,0.09,0.09,0.091,0.091,0.09,0.086,0.088,0.089,0.088,0.087,0.087,0.088,0.086,0.092,0.088,0.088,0.09
4:09:10,37,0.085,0.084,0.086,0.085,0.089,0.085,0.085,0.086,0.085,0.089,0.087,0.086,0.088,0.473,0.163,0.089,0.088,0.09,0.087,0.089,0.091,0.092,0.091,0.097,0.089,0.474,0.189,0.091,0.091,0.089,0.088,0.728,0.166,0.09,0.091,0.091,0.094,0.529,0.255,0.092,0.093,0.092,0.09,0.09,0.09,0.088,0.09,0.091,0.092,0.632,0.29,0.084,0.09,0.09,0.092,0.089,0.091,0.089,0.091,0.093,0.093,0.678,0.305,0.084,0.094,0.095,0.092,0.089,0.089,0.09,0.092,0.091,0.09,0.866,0.233,0.081,0.096,0.093,0.094,0.09,0.09,0.091,0.091,0.09,0.086,0.088,0.089,0.088,0.087,0.087,0.088,0.086,0.092,0.088,0.088,0.091
4:19:10,37,0.084,0.084,0.086,0.085,0.089,0.085,0.085,0.086,0.085,0.089,0.087,0.086,0.088,0.478,0.166,0.089,0.088,0.09,0.087,0.088,0.091,0.092,0.091,0.096,0.089,0.475,0.193,0.091,0.091,0.09,0.088,0.758,0.169,0.09,0.091,0.091,0.094,0.532,0.262,0.092,0.093,0.092,0.09,0.09,0.09,0.088,0.09,0.091,0.092,0.643,0.3,0.084,0.091,0.09,0.092,0.089,0.091,0.089,0.091,0.093,0.093,0.699,0.317,0.084,0.094,0.095,0.092,0.089,0.089,0.09,0.092,0.091,0.09,0.89,0.239,0.081,0.097,0.093,0.095,0.09,0.09,0.091,0.091,0.09,0.086,0.088,0.089,0.088,0.088,0.087,0.088,0.086,0.092,0.088,0.088,0.091
4:29:10,37,0.084,0.084,0.085,0.085,0.089,0.085,0.085,0.086,0.085,0.089,0.087,0.086,0.088,0.485,0.168,0.089,0.088,0.09,0.088,0.089,0.091,0.091,0.091,0.096,0.089,0.479,0.196,0.091,0.091,0.09,0.088,0.786,0.173,0.09,0.091,0.091,0.094,0.535,0.269,0.092,0.093,0.092,0.091,0.09,0.09,0.088,0.09,0.091,0.093,0.653,0.31,0.084,0.091,0.09,0.093,0.089,0.091,0.089,0.091,0.093,0.093,0.715,0.331,0.083,0.095,0.096,0.092,0.089,0.09,0.09,0.092,0.091,0.09,0.911,0.247,0.081,0.097,0.094,0.095,0.09,0.09,0.091,0.091,0.09,0.086,0.088,0.089,0.088,0.088,0.087,0.088,0.086,0.092,0.088,0.088,0.091
4:39:10,37,0.084,0.084,0.085,0.085,0.089,0.085,0.085,0.086,0.085,0.089,0.087,0.086,0.088,0.495,0.172,0.089,0.089,0.091,0.087,0.089,0.091,0.091,0.092,0.096,0.089,0.485,0.201,0.091,0.091,0.09,0.088,0.815,0.178,0.09,0.091,0.091,0.094,0.542,0.274,0.092,0.093,0.093,0.091,0.09,0.09,0.088,0.09,0.091,0.092,0.665,0.322,0.084,0.091,0.09,0.093,0.089,0.091,0.089,0.091,0.093,0.093,0.731,0.345,0.082,0.095,0.095,0.093,0.089,0.089,0.09,0.092,0.091,0.09,0.93,0.254,0.081,0.097,0.094,0.096,0.09,0.09,0.091,0.091,0.09,0.086,0.088,0.089,0.088,0.087,0.087,0.088,0.086,0.092,0.088,0.088,0.09
4:49:10,37,0.085,0.084,0.086,0.085,0.089,0.085,0.085,0.086,0.085,0.089,0.087,0.086,0.088,0.497,0.174,0.089,0.089,0.091,0.088,0.089,0.091,0.091,0.092,0.096,0.09,0.484,0.204,0.091,0.091,0.09,0.088,0.843,0.181,0.09,0.091,0.091,0.095,0.547,0.279,0.092,0.093,0.093,0.091,0.09,0.09,0.088,0.09,0.091,0.092,0.676,0.332,0.084,0.091,0.091,0.094,0.089,0.091,0.089,0.091,0.093,0.093,0.749,0.359,0.081,0.095,0.097,0.093,0.089,0.09,0.09,0.092,0.091,0.09,0.944,0.262,0.081,0.097,0.094,0.096,0.09,0.09,0.091,0.091,0.09,0.086,0.088,0.089,0.088,0.088,0.087,0.088,0.086,0.092,0.088,0.088,0.091
4:59:10,37,0.084,0.084,0.085,0.085,0.089,0.085,0.085,0.086,0.085,0.089,0.087,0.086,0.088,0.503,0.177,0.089,0.089,0.091,0.088,0.089,0.091,0.091,0.092,0.096,0.089,0.488,0.208,0.09,0.092,0.09,0.089,0.869,0.186,0.09,0.091,0.091,0.094,0.555,0.285,0.092,0.094,0.093,0.091,0.09,0.09,0.088,0.09,0.091,0.092,0.686,0.344,0.084,0.092,0.091,0.094,0.089,0.091,0.089,0.091,0.093,0.093,0.752,0.373,0.081,0.096,0.096,0.094,0.089,0.089,0.09,0.092,0.091,0.09,0.939,0.269,0.081,0.098,0.094,0.096,0.09,0.09,0.091,0.091,0.09,0.086,0.088,0.089,0.088,0.087,0.087,0.088,0.086,0.092,0.088,0.088,0.091
5:09:10,37,0.084,0.084,0.086,0.085,0.089,0.085,0.085,0.086,0.085,0.089,0.087,0.086,0.088,0.506,0.179,0.089,0.089,0.092,0.089,0.089,0.091,0.091,0.092,0.096,0.089,0.493,0.221,0.09,0.092,0.09,0.089,0.895,0.19,0.09,0.091,0.091,0.094,0.558,0.291,0.092,0.094,0.093,0.092,0.09,0.09,0.088,0.09,0.091,0.092,0.687,0.356,0.084,0.092,0.091,0.095,0.089,0.091,0.089,0.091,0.093,0.093,0.749,0.387,0.081,0.097,0.096,0.094,0.089,0.089,0.09,0.092,0.091,0.09,0.942,0.278,0.081,0.098,0.095,0.097,0.09,0.09,0.091,0.091,0.09,0.086,0.088,0.089,0.088,0.087,0.087,0.088,0.086,0.092,0.088,0.088,0.091
5:19:10,37,0.084,0.084,0.085,0.085,0.089,0.085,0.085,0.086,0.085,0.089,0.087,0.086,0.088,0.513,0.183,0.089,0.089,0.092,0.088,0.089,0.091,0.093,0.092,0.096,0.089,0.497,0.22,0.09,0.092,0.091,0.089,0.916,0.194,0.09,0.091,0.091,0.094,0.564,0.298,0.092,0.094,0.094,0.092,0.09,0.09,0.088,0.09,0.091,0.092,0.684,0.367,0.084,0.092,0.091,0.095,0.089,0.091,0.089,0.091,0.093,0.093,0.745,0.402,0.081,0.097,0.097,0.095,0.089,0.089,0.09,0.092,0.091,0.09,0.946,0.285,0.081,0.098,0.095,0.098,0.09,0.09,0.091,0.091,0.09,0.086,0.088,0.089,0.088,0.087,0.087,0.088,0.086,0.092,0.088,0.088,0.09
5:29:10,37,0.084,0.084,0.085,0.085,0.089,0.085,0.085,0.086,0.084,0.089,0.087,0.086,0.088,0.519,0.185,0.089,0.089,0.092,0.088,0.089,0.091,0.092,0.092,0.097,0.089,0.501,0.221,0.09,0.092,0.091,0.089,0.937,0.199,0.09,0.091,0.091,0.094,0.569,0.304,0.092,0.094,0.094,0.093,0.09,0.09,0.088,0.09,0.091,0.092,0.679,0.38,0.084,0.093,0.092,0.096,0.089,0.091,0.089,0.09,0.093,0.093,0.741,0.417,0.082,0.098,0.097,0.096,0.089,0.089,0.09,0.092,0.091,0.09,0.95,0.294,0.081,0.098,0.095,0.099,0.09,0.09,0.091,0.091,0.09,0.086,0.088,0.089,0.088,0.088,0.087,0.088,0.086,0.092,0.088,0.088,0.091
5:39:10,37,0.085,0.084,0.086,0.085,0.089,0.085,0.085,0.086,0.085,0.089,0.087,0.086,0.088,0.529,0.187,0.089,0.09,0.093,0.088,0.089,0.091,0.092,0.092,0.097,0.09,0.504,0.226,0.09,0.093,0.091,0.089,0.953,0.205,0.09,0.091,0.091,0.095,0.578,0.311,0.092,0.095,0.095,0.093,0.09,0.09,0.088,0.09,0.091,0.092,0.674,0.395,0.084,0.093,0.092,0.097,0.089,0.091,0.089,0.091,0.093,0.093,0.738,0.432,0.083,0.098,0.098,0.096,0.089,0.089,0.09,0.092,0.091,0.09,0.956,0.303,0.081,0.099,0.096,0.1,0.09,0.09,0.091,0.091,0.09,0.086,0.088,0.089,0.088,0.088,0.087,0.088,0.086,0.092,0.088,0.088,0.091
5:49:10,37,0.084,0.084,0.086,0.085,0.089,0.085,0.085,0.086,0.084,0.089,0.087,0.086,0.088,0.532,0.187,0.089,0.09,0.093,0.088,0.089,0.091,0.092,0.092,0.097,0.09,0.51,0.23,0.09,0.093,0.092,0.09,0.966,0.211,0.09,0.091,0.091,0.094,0.579,0.318,0.092,0.095,0.095,0.094,0.09,0.09,0.088,0.09,0.091,0.092,0.672,0.407,0.084,0.093,0.093,0.097,0.089,0.091,0.089,0.091,0.093,0.093,0.735,0.449,0.083,0.098,0.098,0.097,0.089,0.089,0.09,0.092,0.091,0.09,0.963,0.312,0.081,0.099,0.096,0.1,0.09,0.09,0.091,0.091,0.09,0.086,0.089,0.089,0.088,0.088,0.087,0.088,0.086,0.092,0.088,0.088,0.09
5:59:10,37,0.085,0.084,0.086,0.085,0.089,0.085,0.085,0.086,0.084,0.089,0.087,0.086,0.088,0.541,0.189,0.089,0.09,0.093,0.089,0.089,0.091,0.092,0.092,0.097,0.09,0.517,0.235,0.09,0.094,0.092,0.09,0.979,0.217,0.09,0.091,0.091,0.095,0.59,0.324,0.092,0.095,0.096,0.094,0.09,0.09,0.088,0.09,0.091,0.093,0.667,0.419,0.084,0.094,0.093,0.098,0.089,0.091,0.089,0.091,0.093,0.093,0.733,0.464,0.084,0.099,0.099,0.098,0.089,0.089,0.09,0.092,0.091,0.09,0.964,0.322,0.081,0.099,0.096,0.101,0.09,0.09,0.091,0.091,0.09,0.086,0.089,0.089,0.088,0.088,0.087,0.088,0.086,0.092,0.088,0.088,0.09
6:09:10,37.1,0.085,0.084,0.086,0.085,0.089,0.085,0.085,0.086,0.085,0.089,0.087,0.086,0.088,0.544,0.192,0.089,0.091,0.093,0.089,0.089,0.091,0.092,0.092,0.097,0.09,0.525,0.239,0.09,0.094,0.092,0.09,0.992,0.223,0.09,0.091,0.091,0.094,0.593,0.331,0.092,0.096,0.096,0.095,0.09,0.09,0.088,0.09,0.091,0.092,0.663,0.429,0.084,0.094,0.094,0.099,0.089,0.091,0.089,0.091,0.093,0.093,0.732,0.48,0.084,0.1,0.099,0.099,0.089,0.089,0.09,0.092,0.091,0.09,0.973,0.331,0.081,0.099,0.097,0.102,0.09,0.09,0.091,0.091,0.09,0.086,0.089,0.089,0.088,0.088,0.087,0.088,0.086,0.092,0.088,0.088,0.091
6:19:10,37,0.084,0.084,0.085,0.086,0.089,0.085,0.085,0.086,0.084,0.089,0.087,0.086,0.088,0.552,0.194,0.089,0.09,0.094,0.089,0.089,0.091,0.092,0.093,0.097,0.089,0.529,0.243,0.09,0.094,0.093,0.09,1.006,0.229,0.09,0.091,0.091,0.094,0.597,0.339,0.092,0.096,0.097,0.095,0.09,0.09,0.088,0.09,0.091,0.092,0.661,0.438,0.084,0.095,0.094,0.1,0.089,0.091,0.089,0.091,0.093,0.093,0.732,0.496,0.084,0.1,0.1,0.1,0.089,0.089,0.09,0.092,0.091,0.09,0.978,0.343,0.081,0.1,0.097,0.103,0.09,0.09,0.091,0.091,0.09,0.086,0.088,0.089,0.088,0.088,0.087,0.088,0.086,0.092,0.088,0.088,0.09
6:29:10,37,0.084,0.084,0.085,0.085,0.089,0.085,0.085,0.086,0.084,0.089,0.087,0.086,0.088,0.559,0.197,0.089,0.091,0.094,0.089,0.089,0.091,0.092,0.093,0.098,0.089,0.535,0.247,0.09,0.095,0.093,0.09,1.018,0.237,0.09,0.091,0.091,0.094,0.596,0.345,0.092,0.096,0.097,0.096,0.09,0.09,0.088,0.09,0.091,0.092,0.657,0.447,0.084,0.096,0.095,0.101,0.089,0.091,0.089,0.091,0.093,0.093,0.732,0.512,0.083,0.101,0.101,0.101,0.089,0.089,0.09,0.092,0.091,0.09,0.984,0.354,0.081,0.1,0.097,0.103,0.09,0.09,0.091,0.091,0.09,0.086,0.089,0.089,0.088,0.088,0.087,0.088,0.086,0.092,0.088,0.088,0.091
6:39:10,37,0.084,0.084,0.086,0.085,0.089,0.085,0.085,0.086,0.085,0.089,0.087,0.086,0.088,0.563,0.201,0.089,0.092,0.095,0.09,0.089,0.091,0.092,0.093,0.098,0.089,0.533,0.252,0.09,0.095,0.094,0.091,1.037,0.244,0.09,0.091,0.091,0.094,0.59,0.371,0.092,0.097,0.098,0.097,0.09,0.09,0.089,0.09,0.091,0.093,0.654,0.459,0.084,0.096,0.096,0.102,0.089,0.091,0.089,0.091,0.093,0.093,0.734,0.526,0.083,0.102,0.101,0.102,0.089,0.09,0.09,0.092,0.091,0.09,0.988,0.364,0.081,0.1,0.098,0.105,0.09,0.09,0.091,0.091,0.09,0.086,0.089,0.089,0.088,0.088,0.087,0.088,0.086,0.092,0.088,0.088,0.091
6:49:10,37,0.085,0.084,0.086,0.085,0.089,0.085,0.085,0.086,0.084,0.089,0.087,0.086,0.088,0.565,0.205,0.089,0.092,0.095,0.09,0.089,0.091,0.093,0.093,0.098,0.089,0.53,0.256,0.09,0.096,0.094,0.091,1.053,0.252,0.09,0.091,0.091,0.094,0.587,0.368,0.092,0.097,0.099,0.098,0.09,0.09,0.088,0.09,0.091,0.093,0.651,0.466,0.084,0.097,0.096,0.103,0.089,0.091,0.089,0.091,0.093,0.093,0.736,0.543,0.082,0.103,0.102,0.103,0.089,0.089,0.09,0.092,0.091,0.09,0.99,0.378,0.081,0.101,0.098,0.106,0.09,0.09,0.091,0.091,0.09,0.086,0.089,0.089,0.088,0.088,0.087,0.088,0.086,0.092,0.088,0.088,0.09
6:59:10,37,0.084,0.084,0.086,0.085,0.089,0.085,0.085,0.086,0.084,0.089,0.087,0.086,0.088,0.565,0.208,0.089,0.092,0.095,0.09,0.089,0.091,0.093,0.093,0.099,0.089,0.529,0.26,0.09,0.096,0.094,0.092,1.07,0.259,0.09,0.091,0.091,0.094,0.584,0.369,0.092,0.098,0.099,0.098,0.09,0.09,0.088,0.09,0.091,0.092,0.647,0.475,0.084,0.098,0.097,0.104,0.089,0.091,0.089,0.091,0.093,0.093,0.742,0.552,0.082,0.104,0.103,0.104,0.089,0.089,0.09,0.092,0.091,0.09,0.995,0.389,0.081,0.101,0.099,0.107,0.09,0.09,0.091,0.091,0.09,0.086,0.089,0.089,0.088,0.088,0.087,0.088,0.086,0.092,0.088,0.088,0.09
7:09:10,37,0.084,0.084,0.086,0.085,0.089,0.085,0.085,0.086,0.084,0.089,0.087,0.086,0.088,0.566,0.212,0.089,0.092,0.096,0.091,0.089,0.091,0.093,0.093,0.099,0.089,0.524,0.262,0.09,0.096,0.095,0.092,1.081,0.269,0.09,0.091,0.091,0.094,0.584,0.377,0.092,0.098,0.1,0.099,0.09,0.09,0.088,0.09,0.091,0.092,0.645,0.486,0.084,0.099,0.098,0.105,0.089,0.091,0.088,0.091,0.093,0.093,0.748,0.557,0.081,0.106,0.104,0.106,0.089,0.089,0.09,0.092,0.091,0.09,0.996,0.403,0.081,0.102,0.099,0.108,0.09,0.09,0.091,0.091,0.09,0.086,0.089,0.089,0.088,0.088,0.087,0.088,0.086,0.092,0.088,0.088,0.09
7:19:10,37,0.085,0.084,0.086,0.085,0.089,0.085,0.085,0.086,0.085,0.089,0.087,0.086,0.088,0.569,0.215,0.089,0.093,0.096,0.091,0.089,0.091,0.093,0.093,0.1,0.089,0.523,0.265,0.09,0.097,0.095,0.093,1.095,0.278,0.09,0.091,0.091,0.094,0.581,0.388,0.092,0.099,0.101,0.1,0.09,0.09,0.088,0.09,0.091,0.092,0.643,0.497,0.084,0.1,0.099,0.107,0.089,0.091,0.089,0.091,0.093,0.093,0.744,0.574,0.081,0.107,0.105,0.107,0.089,0.089,0.09,0.092,0.091,0.09,1,0.417,0.081,0.102,0.1,0.109,0.09,0.09,0.091,0.091,0.09,0.086,0.089,0.089,0.088,0.088,0.087,0.088,0.086,0.092,0.088,0.088,0.09
7:29:10,37,0.084,0.084,0.086,0.085,0.089,0.085,0.085,0.086,0.085,0.089,0.087,0.086,0.088,0.567,0.217,0.089,0.093,0.097,0.092,0.089,0.091,0.094,0.094,0.1,0.09,0.522,0.268,0.09,0.097,0.096,0.093,1.105,0.287,0.09,0.091,0.091,0.094,0.582,0.395,0.092,0.1,0.102,0.102,0.09,0.09,0.088,0.09,0.091,0.092,0.64,0.508,0.084,0.101,0.1,0.108,0.089,0.091,0.089,0.091,0.093,0.093,0.75,0.589,0.081,0.108,0.107,0.108,0.089,0.089,0.09,0.092,0.091,0.09,1.004,0.433,0.081,0.103,0.101,0.111,0.09,0.09,0.091,0.091,0.09,0.086,0.089,0.089,0.088,0.088,0.087,0.088,0.086,0.092,0.088,0.088,0.091
7:39:10,37,0.085,0.084,0.085,0.085,0.089,0.085,0.085,0.086,0.085,0.089,0.087,0.086,0.088,0.568,0.219,0.089,0.094,0.097,0.092,0.089,0.091,0.094,0.094,0.1,0.089,0.519,0.272,0.09,0.098,0.097,0.094,1.116,0.296,0.09,0.091,0.091,0.094,0.577,0.405,0.092,0.1,0.103,0.103,0.09,0.09,0.088,0.09,0.091,0.092,0.638,0.518,0.084,0.102,0.101,0.11,0.089,0.091,0.089,0.091,0.093,0.093,0.75,0.607,0.081,0.11,0.108,0.11,0.089,0.089,0.09,0.092,0.091,0.09,1.005,0.448,0.081,0.104,0.102,0.113,0.09,0.09,0.091,0.091,0.09,0.086,0.089,0.089,0.088,0.088,0.087,0.088,0.086,0.092,0.088,0.088,0.09
7:49:10,37,0.085,0.084,0.086,0.085,0.089,0.085,0.085,0.086,0.085,0.089,0.087,0.086,0.088,0.568,0.219,0.089,0.094,0.098,0.093,0.089,0.091,0.094,0.094,0.101,0.089,0.519,0.278,0.09,0.099,0.097,0.094,1.125,0.308,0.09,0.091,0.091,0.094,0.579,0.414,0.092,0.101,0.105,0.104,0.09,0.09,0.088,0.09,0.091,0.092,0.638,0.529,0.084,0.104,0.103,0.112,0.089,0.091,0.089,0.091,0.093,0.093,0.751,0.622,0.081,0.111,0.11,0.112,0.089,0.089,0.09,0.092,0.091,0.09,1.007,0.464,0.081,0.104,0.103,0.114,0.09,0.09,0.091,0.091,0.09,0.086,0.089,0.089,0.089,0.088,0.087,0.088,0.086,0.092,0.088,0.088,0.091
7:59:10,37,0.085,0.084,0.086,0.085,0.089,0.085,0.085,0.086,0.085,0.089,0.087,0.086,0.088,0.566,0.22,0.089,0.095,0.098,0.094,0.089,0.091,0.094,0.094,0.102,0.089,0.516,0.283,0.09,0.099,0.098,0.095,1.134,0.32,0.09,0.091,0.091,0.094,0.578,0.421,0.092,0.102,0.106,0.105,0.09,0.09,0.088,0.09,0.091,0.092,0.637,0.542,0.084,0.106,0.104,0.114,0.089,0.091,0.089,0.091,0.093,0.093,0.754,0.64,0.082,0.113,0.112,0.114,0.089,0.089,0.09,0.092,0.091,0.09,1.008,0.48,0.081,0.105,0.104,0.116,0.09,0.09,0.091,0.091,0.09,0.086,0.089,0.089,0.088,0.088,0.087,0.088,0.086,0.092,0.088,0.088,0.09
8:09:10,37,0.084,0.084,0.086,0.085,0.089,0.085,0.085,0.086,0.084,0.089,0.087,0.086,0.088,0.558,0.22,0.089,0.095,0.099,0.094,0.089,0.091,0.095,0.095,0.102,0.09,0.515,0.29,0.09,0.1,0.098,0.096,1.139,0.33,0.09,0.091,0.091,0.094,0.577,0.429,0.092,0.103,0.108,0.107,0.09,0.09,0.088,0.09,0.091,0.092,0.635,0.554,0.084,0.108,0.106,0.116,0.089,0.091,0.088,0.091,0.093,0.093,0.756,0.657,0.082,0.115,0.114,0.116,0.089,0.089,0.09,0.092,0.091,0.09,1.011,0.499,0.081,0.106,0.105,0.118,0.09,0.09,0.091,0.091,0.09,0.086,0.089,0.089,0.088,0.088,0.087,0.088,0.086,0.092,0.088,0.088,0.09
8:19:10,37.1,0.084,0.084,0.086,0.085,0.089,0.085,0.085,0.086,0.085,0.089,0.087,0.086,0.088,0.555,0.221,0.089,0.096,0.1,0.095,0.089,0.091,0.095,0.095,0.103,0.089,0.515,0.296,0.09,0.101,0.099,0.096,1.145,0.343,0.09,0.091,0.091,0.094,0.577,0.438,0.092,0.105,0.11,0.109,0.09,0.09,0.088,0.09,0.091,0.092,0.635,0.569,0.084,0.11,0.108,0.119,0.089,0.091,0.089,0.091,0.093,0.093,0.759,0.673,0.083,0.117,0.115,0.119,0.089,0.089,0.09,0.092,0.091,0.09,1.012,0.515,0.081,0.107,0.106,0.121,0.09,0.09,0.091,0.091,0.09,0.086,0.089,0.089,0.088,0.088,0.087,0.088,0.086,0.092,0.088,0.088,0.091
8:29:10,37,0.084,0.084,0.086,0.085,0.089,0.085,0.085,0.086,0.085,0.089,0.087,0.086,0.088,0.556,0.221,0.089,0.097,0.1,0.095,0.089,0.091,0.096,0.095,0.104,0.089,0.513,0.302,0.09,0.102,0.1,0.097,1.152,0.357,0.09,0.091,0.091,0.094,0.576,0.446,0.092,0.106,0.112,0.111,0.09,0.09,0.088,0.09,0.091,0.092,0.634,0.584,0.084,0.112,0.11,0.122,0.089,0.091,0.089,0.091,0.093,0.093,0.76,0.689,0.083,0.119,0.118,0.121,0.089,0.089,0.09,0.092,0.091,0.09,1.013,0.533,0.081,0.108,0.108,0.124,0.09,0.09,0.091,0.091,0.09,0.086,0.089,0.089,0.088,0.088,0.087,0.088,0.086,0.092,0.088,0.088,0.091
8:39:10,37,0.084,0.084,0.086,0.085,0.089,0.085,0.085,0.086,0.085,0.089,0.087,0.086,0.088,0.551,0.221,0.089,0.097,0.101,0.096,0.089,0.091,0.096,0.096,0.105,0.089,0.512,0.309,0.09,0.102,0.102,0.098,1.163,0.369,0.09,0.091,0.091,0.094,0.574,0.454,0.092,0.108,0.115,0.114,0.09,0.09,0.088,0.09,0.091,0.092,0.634,0.589,0.084,0.116,0.113,0.125,0.089,0.091,0.089,0.091,0.093,0.093,0.761,0.702,0.084,0.123,0.121,0.125,0.089,0.089,0.09,0.092,0.091,0.09,1.014,0.553,0.081,0.11,0.11,0.127,0.09,0.09,0.091,0.091,0.09,0.086,0.089,0.089,0.088,0.088,0.087,0.088,0.086,0.092,0.088,0.088,0.091
8:49:10,37.1,0.084,0.084,0.086,0.085,0.089,0.085,0.085,0.086,0.085,0.089,0.087,0.086,0.088,0.549,0.221,0.089,0.097,0.102,0.097,0.088,0.091,0.096,0.096,0.106,0.089,0.512,0.313,0.09,0.103,0.103,0.099,1.17,0.384,0.09,0.091,0.091,0.094,0.571,0.461,0.092,0.11,0.117,0.116,0.09,0.09,0.088,0.09,0.091,0.092,0.633,0.598,0.084,0.119,0.116,0.128,0.089,0.091,0.089,0.091,0.093,0.093,0.761,0.716,0.084,0.126,0.123,0.128,0.089,0.089,0.09,0.092,0.091,0.09,1.015,0.574,0.081,0.111,0.112,0.13,0.09,0.09,0.091,0.091,0.09,0.087,0.089,0.089,0.088,0.088,0.087,0.088,0.086,0.092,0.088,0.088,0.09
8:59:10,37,0.084,0.084,0.086,0.085,0.089,0.085,0.086,0.086,0.085,0.089,0.087,0.086,0.088,0.548,0.222,0.089,0.098,0.103,0.098,0.089,0.091,0.097,0.096,0.107,0.089,0.514,0.317,0.09,0.105,0.104,0.1,1.175,0.4,0.09,0.091,0.091,0.094,0.574,0.467,0.092,0.112,0.121,0.119,0.09,0.09,0.088,0.09,0.091,0.092,0.633,0.607,0.084,0.123,0.119,0.133,0.089,0.091,0.089,0.091,0.093,0.093,0.761,0.727,0.084,0.129,0.127,0.133,0.089,0.089,0.09,0.092,0.091,0.09,1.018,0.597,0.081,0.113,0.114,0.134,0.09,0.09,0.091,0.091,0.09,0.086,0.089,0.089,0.088,0.088,0.087,0.088,0.086,0.092,0.088,0.088,0.091
9:09:10,37,0.084,0.084,0.086,0.085,0.089,0.085,0.086,0.086,0.085,0.089,0.087,0.086,0.088,0.546,0.223,0.089,0.099,0.104,0.099,0.089,0.091,0.098,0.097,0.108,0.089,0.511,0.318,0.09,0.106,0.106,0.101,1.177,0.412,0.09,0.091,0.091,0.095,0.573,0.468,0.092,0.115,0.124,0.122,0.09,0.09,0.088,0.09,0.091,0.092,0.632,0.619,0.084,0.128,0.124,0.137,0.089,0.091,0.089,0.091,0.093,0.093,0.762,0.741,0.084,0.133,0.131,0.138,0.089,0.09,0.09,0.092,0.091,0.09,1.019,0.62,0.081,0.115,0.117,0.138,0.09,0.09,0.091,0.091,0.09,0.086,0.089,0.09,0.088,0.088,0.087,0.088,0.086,0.092,0.088,0.088,0.091
9:19:10,37,0.084,0.084,0.085,0.085,0.089,0.085,0.086,0.086,0.085,0.089,0.087,0.086,0.088,0.543,0.223,0.089,0.099,0.104,0.099,0.089,0.091,0.098,0.097,0.11,0.089,0.512,0.318,0.09,0.107,0.107,0.102,1.178,0.431,0.09,0.091,0.091,0.094,0.574,0.47,0.092,0.117,0.128,0.126,0.09,0.09,0.088,0.09,0.091,0.092,0.631,0.628,0.084,0.133,0.128,0.142,0.089,0.091,0.088,0.091,0.093,0.093,0.763,0.751,0.083,0.138,0.136,0.143,0.089,0.089,0.09,0.092,0.091,0.09,1.024,0.64,0.081,0.117,0.12,0.142,0.09,0.09,0.091,0.091,0.09,0.086,0.089,0.089,0.088,0.088,0.087,0.088,0.086,0.092,0.088,0.088,0.09
9:29:10,37,0.084,0.084,0.086,0.085,0.089,0.085,0.086,0.086,0.085,0.089,0.087,0.086,0.088,0.543,0.225,0.089,0.1,0.106,0.1,0.089,0.091,0.099,0.098,0.112,0.089,0.513,0.32,0.09,0.109,0.109,0.104,1.177,0.446,0.09,0.091,0.091,0.094,0.571,0.472,0.092,0.121,0.134,0.131,0.09,0.09,0.088,0.09,0.091,0.092,0.632,0.639,0.084,0.139,0.134,0.148,0.089,0.091,0.089,0.091,0.093,0.093,0.764,0.763,0.083,0.143,0.141,0.15,0.089,0.089,0.09,0.092,0.091,0.09,1.029,0.663,0.081,0.12,0.124,0.147,0.09,0.09,0.091,0.091,0.09,0.086,0.089,0.089,0.088,0.088,0.087,0.088,0.086,0.092,0.088,0.088,0.09
9:39:10,37,0.085,0.084,0.086,0.085,0.089,0.085,0.086,0.086,0.085,0.089,0.087,0.086,0.088,0.541,0.228,0.089,0.101,0.107,0.101,0.088,0.091,0.1,0.099,0.113,0.089,0.51,0.319,0.09,0.111,0.112,0.105,1.176,0.464,0.09,0.091,0.091,0.094,0.575,0.474,0.092,0.125,0.139,0.136,0.09,0.09,0.088,0.09,0.091,0.092,0.63,0.646,0.084,0.146,0.14,0.155,0.089,0.091,0.088,0.09,0.093,0.093,0.764,0.776,0.082,0.15,0.147,0.157,0.089,0.089,0.09,0.092,0.091,0.09,1.026,0.685,0.081,0.123,0.128,0.152,0.09,0.09,0.091,0.091,0.09,0.086,0.089,0.089,0.088,0.088,0.087,0.088,0.086,0.092,0.088,0.088,0.09
9:49:10,37,0.085,0.084,0.086,0.085,0.089,0.085,0.086,0.086,0.085,0.089,0.087,0.086,0.088,0.538,0.233,0.089,0.102,0.108,0.102,0.089,0.091,0.101,0.099,0.116,0.09,0.512,0.32,0.09,0.113,0.114,0.107,1.176,0.481,0.09,0.091,0.091,0.095,0.573,0.475,0.092,0.129,0.145,0.141,0.09,0.09,0.088,0.09,0.091,0.092,0.631,0.654,0.084,0.154,0.147,0.163,0.089,0.091,0.089,0.091,0.093,0.093,0.765,0.787,0.081,0.157,0.154,0.166,0.089,0.089,0.09,0.092,0.091,0.09,1.021,0.705,0.081,0.126,0.132,0.159,0.09,0.09,0.091,0.091,0.09,0.086,0.089,0.09,0.088,0.088,0.087,0.088,0.086,0.092,0.088,0.088,0.09
9:59:10,37,0.084,0.084,0.085,0.085,0.089,0.085,0.086,0.086,0.085,0.089,0.087,0.086,0.088,0.537,0.236,0.089,0.103,0.109,0.103,0.089,0.091,0.102,0.1,0.118,0.089,0.512,0.321,0.09,0.115,0.117,0.109,1.176,0.497,0.09,0.091,0.09,0.094,0.572,0.476,0.092,0.134,0.152,0.148,0.09,0.09,0.088,0.09,0.091,0.092,0.631,0.662,0.084,0.163,0.154,0.172,0.089,0.091,0.088,0.09,0.093,0.093,0.766,0.796,0.081,0.164,0.162,0.175,0.089,0.089,0.09,0.092,0.091,0.09,1.015,0.726,0.081,0.13,0.136,0.166,0.09,0.09,0.091,0.091,0.09,0.086,0.089,0.09,0.088,0.088,0.087,0.088,0.086,0.092,0.088,0.088,0.09
10:09:10,37,0.085,0.085,0.086,0.085,0.089,0.085,0.085,0.086,0.085,0.089,0.087,0.087,0.088,0.535,0.241,0.089,0.105,0.111,0.105,0.089,0.091,0.103,0.101,0.121,0.089,0.511,0.321,0.09,0.117,0.12,0.111,1.175,0.519,0.091,0.091,0.091,0.094,0.572,0.478,0.092,0.141,0.161,0.155,0.09,0.09,0.088,0.09,0.091,0.092,0.631,0.667,0.084,0.174,0.164,0.182,0.089,0.091,0.089,0.091,0.093,0.093,0.767,0.807,0.081,0.173,0.171,0.187,0.089,0.089,0.09,0.092,0.091,0.09,1.009,0.748,0.081,0.134,0.143,0.175,0.09,0.09,0.091,0.091,0.09,0.086,0.089,0.09,0.088,0.088,0.087,0.088,0.086,0.092,0.088,0.088,0.091
10:19:10,37.1,0.085,0.084,0.086,0.085,0.089,0.085,0.085,0.086,0.085,0.089,0.087,0.086,0.088,0.533,0.245,0.089,0.106,0.113,0.106,0.089,0.091,0.105,0.102,0.124,0.089,0.51,0.322,0.09,0.12,0.124,0.113,1.175,0.536,0.09,0.091,0.091,0.094,0.572,0.481,0.092,0.147,0.17,0.164,0.09,0.09,0.088,0.09,0.091,0.092,0.632,0.675,0.084,0.186,0.174,0.193,0.089,0.091,0.088,0.091,0.093,0.093,0.768,0.818,0.081,0.184,0.181,0.2,0.089,0.089,0.09,0.092,0.091,0.09,1.003,0.767,0.081,0.139,0.149,0.185,0.09,0.09,0.091,0.091,0.09,0.086,0.089,0.09,0.088,0.088,0.087,0.088,0.086,0.092,0.088,0.088,0.09
10:29:10,37,0.085,0.084,0.086,0.085,0.089,0.085,0.085,0.086,0.084,0.089,0.087,0.086,0.088,0.532,0.248,0.089,0.107,0.114,0.107,0.089,0.091,0.106,0.103,0.127,0.089,0.511,0.322,0.09,0.123,0.128,0.115,1.174,0.558,0.09,0.091,0.091,0.094,0.574,0.482,0.092,0.154,0.18,0.173,0.09,0.09,0.088,0.09,0.091,0.092,0.631,0.68,0.084,0.2,0.186,0.206,0.089,0.091,0.089,0.091,0.093,0.093,0.771,0.824,0.081,0.195,0.192,0.214,0.089,0.089,0.09,0.092,0.091,0.09,0.997,0.786,0.081,0.143,0.155,0.196,0.09,0.09,0.091,0.091,0.09,0.086,0.089,0.09,0.088,0.088,0.087,0.088,0.086,0.092,0.088,0.088,0.09
10:39:10,37.1,0.084,0.084,0.086,0.085,0.089,0.085,0.085,0.086,0.085,0.089,0.087,0.086,0.088,0.53,0.253,0.089,0.108,0.115,0.109,0.089,0.091,0.107,0.105,0.131,0.09,0.511,0.323,0.09,0.126,0.132,0.118,1.174,0.577,0.09,0.091,0.091,0.094,0.576,0.484,0.092,0.163,0.192,0.185,0.09,0.09,0.088,0.09,0.091,0.092,0.632,0.686,0.084,0.215,0.199,0.221,0.089,0.091,0.089,0.091,0.093,0.093,0.772,0.834,0.081,0.209,0.205,0.231,0.089,0.089,0.09,0.092,0.091,0.09,0.991,0.808,0.081,0.15,0.163,0.208,0.09,0.09,0.091,0.091,0.09,0.087,0.089,0.09,0.088,0.088,0.087,0.089,0.088,0.092,0.088,0.088,0.091
10:49:10,37,0.084,0.084,0.086,0.085,0.089,0.085,0.085,0.086,0.085,0.089,0.087,0.087,0.088,0.527,0.258,0.089,0.11,0.117,0.11,0.089,0.091,0.109,0.106,0.135,0.089,0.513,0.322,0.09,0.13,0.137,0.122,1.177,0.597,0.09,0.091,0.091,0.095,0.577,0.487,0.092,0.172,0.205,0.197,0.09,0.09,0.088,0.09,0.091,0.092,0.632,0.692,0.084,0.233,0.213,0.237,0.089,0.091,0.089,0.091,0.093,0.093,0.77,0.84,0.082,0.223,0.22,0.25,0.089,0.089,0.09,0.092,0.091,0.09,0.986,0.828,0.081,0.157,0.171,0.224,0.09,0.09,0.091,0.091,0.09,0.087,0.089,0.09,0.088,0.088,0.087,0.089,0.086,0.092,0.088,0.088,0.091
10:59:10,37,0.084,0.084,0.086,0.085,0.089,0.085,0.085,0.086,0.085,0.089,0.087,0.086,0.088,0.526,0.263,0.089,0.111,0.119,0.112,0.088,0.091,0.111,0.107,0.14,0.089,0.511,0.324,0.09,0.135,0.143,0.126,1.184,0.619,0.09,0.091,0.091,0.094,0.576,0.489,0.092,0.184,0.22,0.21,0.09,0.09,0.088,0.09,0.091,0.092,0.632,0.696,0.084,0.252,0.231,0.255,0.089,0.091,0.088,0.09,0.093,0.093,0.766,0.854,0.082,0.24,0.236,0.271,0.089,0.089,0.09,0.092,0.091,0.09,0.981,0.844,0.081,0.164,0.183,0.24,0.09,0.09,0.091,0.091,0.09,0.087,0.089,0.09,0.088,0.088,0.087,0.088,0.086,0.092,0.088,0.088,0.09
11:09:10,37,0.084,0.084,0.086,0.085,0.089,0.085,0.086,0.086,0.085,0.089,0.087,0.086,0.088,0.525,0.267,0.089,0.113,0.121,0.114,0.089,0.091,0.113,0.109,0.146,0.09,0.511,0.324,0.09,0.14,0.147,0.13,1.19,0.638,0.09,0.091,0.091,0.094,0.575,0.491,0.092,0.195,0.236,0.225,0.09,0.09,0.088,0.09,0.091,0.092,0.632,0.702,0.084,0.274,0.249,0.275,0.089,0.091,0.089,0.091,0.093,0.093,0.762,0.858,0.082,0.259,0.255,0.295,0.089,0.089,0.09,0.092,0.091,0.09,0.975,0.866,0.081,0.172,0.195,0.259,0.09,0.09,0.091,0.091,0.09,0.087,0.09,0.09,0.088,0.088,0.087,0.089,0.086,0.093,0.088,0.088,0.091
11:19:10,37,0.084,0.084,0.086,0.085,0.089,0.085,0.085,0.086,0.085,0.089,0.088,0.087,0.088,0.524,0.273,0.089,0.114,0.124,0.117,0.089,0.091,0.116,0.111,0.153,0.09,0.51,0.327,0.09,0.144,0.153,0.134,1.192,0.66,0.091,0.091,0.091,0.095,0.575,0.493,0.092,0.209,0.244,0.235,0.09,0.09,0.088,0.09,0.091,0.092,0.632,0.707,0.084,0.297,0.269,0.298,0.089,0.091,0.089,0.091,0.093,0.093,0.758,0.864,0.083,0.28,0.276,0.322,0.089,0.09,0.09,0.092,0.091,0.09,0.97,0.884,0.081,0.183,0.209,0.278,0.09,0.09,0.091,0.091,0.09,0.087,0.089,0.091,0.089,0.088,0.087,0.089,0.086,0.092,0.088,0.088,0.091
11:29:10,37,0.084,0.084,0.086,0.086,0.089,0.085,0.085,0.086,0.085,0.089,0.087,0.086,0.088,0.522,0.277,0.089,0.117,0.127,0.119,0.089,0.091,0.119,0.113,0.158,0.089,0.511,0.331,0.09,0.148,0.16,0.139,1.19,0.681,0.09,0.091,0.091,0.094,0.574,0.497,0.092,0.224,0.26,0.251,0.09,0.09,0.088,0.09,0.091,0.092,0.632,0.71,0.084,0.324,0.291,0.322,0.089,0.091,0.089,0.091,0.093,0.093,0.754,0.864,0.083,0.303,0.3,0.351,0.089,0.089,0.09,0.092,0.091,0.09,0.966,0.9,0.081,0.194,0.222,0.3,0.09,0.09,0.091,0.091,0.09,0.087,0.089,0.09,0.088,0.088,0.087,0.088,0.086,0.092,0.088,0.088,0.091
11:39:10,37,0.084,0.084,0.086,0.086,0.089,0.085,0.085,0.086,0.085,0.089,0.087,0.086,0.088,0.521,0.282,0.089,0.119,0.13,0.122,0.089,0.091,0.121,0.115,0.166,0.089,0.512,0.338,0.09,0.154,0.168,0.143,1.187,0.705,0.09,0.091,0.091,0.094,0.576,0.5,0.092,0.24,0.279,0.268,0.09,0.09,0.088,0.09,0.091,0.092,0.632,0.715,0.084,0.352,0.315,0.349,0.089,0.091,0.089,0.091,0.093,0.093,0.751,0.868,0.083,0.329,0.326,0.384,0.089,0.089,0.09,0.092,0.091,0.09,0.962,0.919,0.081,0.207,0.239,0.326,0.09,0.09,0.091,0.091,0.09,0.087,0.089,0.091,0.088,0.088,0.087,0.089,0.086,0.092,0.088,0.088,0.091
11:49:10,37,0.084,0.084,0.086,0.085,0.089,0.085,0.086,0.086,0.085,0.089,0.087,0.087,0.088,0.519,0.288,0.089,0.122,0.134,0.125,0.089,0.091,0.126,0.118,0.176,0.09,0.512,0.345,0.09,0.161,0.177,0.149,1.184,0.727,0.091,0.091,0.091,0.095,0.576,0.504,0.092,0.25,0.303,0.289,0.09,0.09,0.088,0.09,0.091,0.092,0.633,0.718,0.084,0.383,0.341,0.377,0.089,0.091,0.089,0.091,0.093,0.093,0.747,0.865,0.084,0.357,0.353,0.42,0.089,0.089,0.09,0.092,0.091,0.09,0.957,0.937,0.081,0.223,0.261,0.355,0.09,0.09,0.091,0.091,0.09,0.087,0.089,0.091,0.088,0.088,0.087,0.089,0.086,0.092,0.088,0.088,0.091
11:59:10,37,0.085,0.084,0.086,0.085,0.089,0.085,0.085,0.086,0.085,0.089,0.088,0.087,0.088,0.518,0.293,0.089,0.125,0.137,0.129,0.089,0.091,0.129,0.121,0.185,0.089,0.513,0.353,0.09,0.169,0.187,0.156,1.181,0.75,0.09,0.091,0.091,0.094,0.577,0.509,0.092,0.267,0.325,0.314,0.09,0.09,0.088,0.09,0.091,0.092,0.632,0.72,0.084,0.414,0.37,0.403,0.089,0.091,0.089,0.091,0.093,0.093,0.744,0.864,0.084,0.389,0.384,0.457,0.089,0.089,0.09,0.092,0.091,0.09,0.954,0.955,0.081,0.238,0.28,0.387,0.09,0.09,0.091,0.091,0.09,0.087,0.089,0.091,0.088,0.088,0.087,0.089,0.086,0.092,0.088,0.088,0.091
12:09:10,37,0.084,0.084,0.086,0.085,0.089,0.085,0.085,0.086,0.085,0.089,0.088,0.087,0.088,0.516,0.298,0.089,0.128,0.141,0.133,0.089,0.091,0.133,0.124,0.196,0.089,0.512,0.36,0.09,0.178,0.198,0.163,1.177,0.773,0.09,0.091,0.091,0.094,0.577,0.512,0.092,0.286,0.347,0.336,0.09,0.09,0.088,0.09,0.091,0.092,0.631,0.726,0.084,0.429,0.398,0.415,0.089,0.091,0.089,0.091,0.093,0.093,0.74,0.863,0.084,0.42,0.416,0.497,0.089,0.089,0.09,0.092,0.091,0.09,0.949,0.968,0.081,0.256,0.301,0.423,0.09,0.09,0.091,0.091,0.09,0.087,0.089,0.09,0.088,0.088,0.087,0.089,0.086,0.092,0.088,0.088,0.09
12:19:10,37,0.084,0.084,0.086,0.085,0.089,0.085,0.086,0.086,0.085,0.089,0.088,0.087,0.088,0.515,0.303,0.089,0.132,0.146,0.137,0.089,0.091,0.138,0.127,0.207,0.089,0.512,0.365,0.09,0.188,0.209,0.172,1.173,0.797,0.09,0.091,0.091,0.094,0.578,0.515,0.092,0.309,0.362,0.358,0.09,0.09,0.088,0.09,0.091,0.092,0.631,0.727,0.084,0.456,0.42,0.442,0.089,0.091,0.089,0.091,0.093,0.093,0.737,0.858,0.084,0.456,0.45,0.537,0.089,0.089,0.09,0.092,0.091,0.09,0.945,0.981,0.081,0.276,0.327,0.461,0.09,0.09,0.091,0.091,0.09,0.087,0.09,0.09,0.088,0.088,0.087,0.089,0.086,0.092,0.088,0.088,0.091
12:29:10,37.1,0.084,0.084,0.086,0.086,0.089,0.085,0.085,0.086,0.085,0.089,0.087,0.087,0.088,0.513,0.31,0.089,0.135,0.15,0.142,0.089,0.091,0.144,0.132,0.222,0.089,0.513,0.371,0.09,0.199,0.218,0.182,1.17,0.821,0.09,0.091,0.091,0.094,0.577,0.519,0.092,0.332,0.38,0.375,0.09,0.09,0.088,0.09,0.091,0.092,0.631,0.725,0.084,0.487,0.435,0.469,0.089,0.091,0.089,0.091,0.093,0.093,0.733,0.86,0.084,0.492,0.487,0.577,0.089,0.089,0.09,0.092,0.091,0.09,0.94,0.994,0.081,0.298,0.357,0.504,0.09,0.09,0.091,0.091,0.09,0.088,0.089,0.09,0.089,0.088,0.087,0.088,0.086,0.092,0.088,0.088,0.09
12:39:10,37,0.084,0.084,0.086,0.086,0.089,0.085,0.085,0.086,0.085,0.089,0.087,0.087,0.088,0.511,0.315,0.089,0.139,0.155,0.147,0.089,0.091,0.149,0.136,0.234,0.089,0.512,0.374,0.09,0.21,0.227,0.192,1.167,0.842,0.09,0.091,0.091,0.095,0.578,0.519,0.092,0.354,0.398,0.392,0.09,0.09,0.088,0.09,0.091,0.092,0.631,0.724,0.084,0.521,0.462,0.499,0.089,0.091,0.089,0.091,0.093,0.093,0.73,0.858,0.084,0.529,0.524,0.618,0.089,0.089,0.09,0.092,0.091,0.09,0.936,0.993,0.081,0.322,0.385,0.553,0.09,0.09,0.091,0.091,0.09,0.088,0.089,0.091,0.088,0.088,0.087,0.088,0.086,0.092,0.088,0.088,0.091
12:49:10,37,0.084,0.084,0.086,0.085,0.089,0.085,0.085,0.086,0.085,0.089,0.087,0.086,0.088,0.509,0.321,0.089,0.144,0.158,0.152,0.089,0.091,0.156,0.14,0.25,0.089,0.511,0.379,0.09,0.218,0.235,0.203,1.164,0.867,0.09,0.091,0.091,0.094,0.578,0.518,0.092,0.372,0.418,0.409,0.09,0.09,0.088,0.09,0.091,0.092,0.631,0.722,0.084,0.554,0.488,0.526,0.089,0.091,0.089,0.091,0.093,0.093,0.726,0.857,0.083,0.575,0.571,0.657,0.089,0.089,0.09,0.092,0.091,0.09,0.932,0.997,0.081,0.349,0.42,0.612,0.09,0.09,0.091,0.091,0.09,0.088,0.089,0.09,0.089,0.088,0.087,0.089,0.086,0.092,0.088,0.088,0.09
12:59:10,37,0.084,0.084,0.086,0.086,0.089,0.085,0.085,0.086,0.085,0.089,0.087,0.087,0.088,0.509,0.326,0.089,0.15,0.162,0.157,0.089,0.091,0.163,0.145,0.266,0.09,0.51,0.384,0.09,0.227,0.261,0.215,1.162,0.888,0.09,0.091,0.091,0.094,0.578,0.518,0.092,0.389,0.461,0.428,0.09,0.09,0.088,0.09,0.091,0.092,0.631,0.72,0.084,0.581,0.516,0.553,0.089,0.091,0.089,0.091,0.093,0.093,0.723,0.86,0.083,0.617,0.612,0.695,0.089,0.089,0.09,0.092,0.091,0.091,0.928,1.007,0.081,0.378,0.46,0.667,0.09,0.09,0.091,0.091,0.09,0.087,0.089,0.09,0.089,0.088,0.087,0.089,0.086,0.092,0.088,0.088,0.091
13:09:10,37,0.084,0.084,0.086,0.085,0.089,0.085,0.086,0.086,0.085,0.089,0.087,0.087,0.088,0.507,0.331,0.089,0.153,0.174,0.161,0.089,0.091,0.171,0.151,0.286,0.089,0.509,0.387,0.09,0.235,0.266,0.223,1.159,0.909,0.09,0.091,0.091,0.094,0.578,0.518,0.092,0.407,0.459,0.462,0.09,0.09,0.088,0.09,0.091,0.092,0.631,0.717,0.084,0.605,0.542,0.576,0.089,0.091,0.089,0.091,0.093,0.093,0.721,0.86,0.083,0.655,0.651,0.729,0.089,0.089,0.09,0.092,0.091,0.09,0.924,1.01,0.081,0.409,0.501,0.721,0.09,0.09,0.091,0.091,0.09,0.086,0.089,0.09,0.089,0.088,0.087,0.089,0.086,0.092,0.088,0.088,0.09
13:19:10,37,0.084,0.084,0.086,0.085,0.089,0.085,0.085,0.086,0.085,0.089,0.087,0.087,0.088,0.507,0.338,0.089,0.157,0.174,0.175,0.089,0.091,0.179,0.157,0.309,0.089,0.509,0.393,0.09,0.245,0.268,0.232,1.157,0.931,0.09,0.091,0.091,0.094,0.578,0.517,0.092,0.426,0.478,0.47,0.09,0.09,0.088,0.09,0.091,0.092,0.632,0.714,0.084,0.63,0.566,0.6,0.089,0.091,0.088,0.091,0.093,0.093,0.716,0.861,0.083,0.69,0.686,0.75,0.089,0.089,0.09,0.092,0.091,0.09,0.921,1.019,0.081,0.445,0.546,0.774,0.09,0.09,0.091,0.091,0.09,0.086,0.089,0.09,0.09,0.088,0.087,0.088,0.086,0.092,0.088,0.088,0.09
13:29:10,37,0.084,0.084,0.086,0.086,0.089,0.085,0.086,0.086,0.085,0.089,0.087,0.087,0.088,0.505,0.343,0.089,0.162,0.176,0.174,0.089,0.091,0.188,0.163,0.331,0.09,0.508,0.398,0.09,0.266,0.279,0.241,1.154,0.949,0.09,0.091,0.091,0.094,0.578,0.516,0.092,0.455,0.499,0.49,0.09,0.09,0.088,0.09,0.091,0.092,0.631,0.71,0.084,0.654,0.587,0.621,0.089,0.091,0.089,0.091,0.093,0.093,0.715,0.865,0.082,0.72,0.717,0.766,0.089,0.089,0.09,0.092,0.091,0.09,0.918,1.026,0.081,0.485,0.591,0.823,0.09,0.09,0.091,0.091,0.09,0.086,0.089,0.09,0.089,0.088,0.087,0.089,0.086,0.092,0.088,0.088,0.09
13:39:10,37,0.084,0.084,0.086,0.086,0.089,0.085,0.086,0.086,0.085,0.089,0.087,0.087,0.088,0.504,0.348,0.089,0.175,0.181,0.176,0.089,0.091,0.199,0.17,0.356,0.09,0.507,0.402,0.09,0.267,0.289,0.27,1.151,0.97,0.09,0.091,0.091,0.095,0.578,0.516,0.093,0.468,0.515,0.51,0.09,0.09,0.088,0.09,0.091,0.092,0.631,0.706,0.084,0.679,0.609,0.644,0.089,0.091,0.089,0.091,0.093,0.093,0.712,0.865,0.082,0.751,0.748,0.799,0.089,0.089,0.09,0.092,0.091,0.09,0.913,1.037,0.081,0.528,0.634,0.871,0.09,0.09,0.091,0.091,0.09,0.087,0.089,0.09,0.089,0.088,0.087,0.089,0.086,0.092,0.088,0.088,0.091
13:49:10,37,0.084,0.084,0.086,0.086,0.089,0.085,0.086,0.086,0.085,0.089,0.088,0.087,0.088,0.501,0.353,0.089,0.174,0.187,0.181,0.089,0.091,0.208,0.177,0.382,0.09,0.506,0.406,0.09,0.278,0.301,0.265,1.149,0.988,0.091,0.091,0.091,0.095,0.578,0.518,0.092,0.483,0.529,0.524,0.09,0.09,0.088,0.09,0.091,0.092,0.632,0.704,0.084,0.703,0.631,0.665,0.089,0.091,0.089,0.091,0.093,0.093,0.709,0.868,0.082,0.778,0.778,0.826,0.089,0.09,0.09,0.092,0.091,0.09,0.91,1.042,0.081,0.572,0.677,0.913,0.09,0.09,0.091,0.091,0.09,0.087,0.089,0.09,0.089,0.088,0.087,0.089,0.086,0.092,0.088,0.088,0.091
13:59:10,37,0.084,0.084,0.086,0.085,0.089,0.085,0.085,0.086,0.085,0.089,0.087,0.086,0.088,0.5,0.358,0.089,0.176,0.191,0.188,0.089,0.091,0.221,0.186,0.412,0.089,0.505,0.41,0.09,0.288,0.309,0.274,1.147,1.003,0.09,0.091,0.091,0.094,0.578,0.517,0.092,0.503,0.546,0.54,0.09,0.09,0.088,0.09,0.091,0.092,0.633,0.702,0.084,0.739,0.653,0.685,0.089,0.091,0.088,0.091,0.093,0.093,0.707,0.87,0.081,0.788,0.805,0.85,0.089,0.089,0.09,0.092,0.091,0.09,0.908,1.051,0.081,0.617,0.724,0.956,0.09,0.09,0.091,0.091,0.09,0.087,0.089,0.09,0.089,0.088,0.087,0.088,0.086,0.092,0.088,0.088,0.091
14:09:10,37,0.084,0.084,0.086,0.086,0.089,0.085,0.086,0.086,0.085,0.089,0.088,0.087,0.088,0.499,0.364,0.089,0.182,0.195,0.194,0.089,0.091,0.235,0.195,0.445,0.09,0.505,0.416,0.09,0.3,0.315,0.285,1.145,1.019,0.091,0.091,0.091,0.095,0.578,0.517,0.093,0.521,0.565,0.559,0.09,0.09,0.088,0.09,0.091,0.092,0.633,0.699,0.084,0.752,0.676,0.717,0.089,0.091,0.089,0.091,0.093,0.093,0.704,0.87,0.081,0.814,0.817,0.874,0.089,0.089,0.09,0.092,0.091,0.09,0.904,1.06,0.081,0.662,0.762,0.994,0.09,0.09,0.091,0.091,0.09,0.087,0.089,0.09,0.089,0.088,0.087,0.089,0.086,0.092,0.088,0.088,0.091
14:19:10,37,0.084,0.084,0.086,0.086,0.089,0.085,0.086,0.086,0.085,0.089,0.087,0.087,0.088,0.498,0.367,0.089,0.187,0.2,0.197,0.089,0.091,0.248,0.204,0.479,0.09,0.503,0.42,0.09,0.309,0.322,0.297,1.142,1.03,0.091,0.091,0.091,0.095,0.578,0.517,0.093,0.535,0.584,0.577,0.09,0.09,0.088,0.09,0.091,0.092,0.634,0.696,0.084,0.774,0.705,0.731,0.089,0.091,0.089,0.091,0.093,0.093,0.702,0.873,0.081,0.839,0.841,0.899,0.089,0.089,0.09,0.092,0.091,0.09,0.901,1.064,0.081,0.707,0.807,1.028,0.09,0.09,0.091,0.091,0.09,0.087,0.089,0.091,0.089,0.088,0.087,0.089,0.086,0.092,0.088,0.088,0.091
14:29:10,37,0.084,0.084,0.086,0.086,0.089,0.085,0.086,0.086,0.085,0.089,0.087,0.087,0.088,0.496,0.372,0.089,0.193,0.206,0.204,0.089,0.091,0.262,0.214,0.518,0.09,0.503,0.425,0.09,0.316,0.332,0.308,1.14,1.041,0.09,0.091,0.091,0.094,0.579,0.515,0.092,0.548,0.595,0.594,0.09,0.09,0.088,0.09,0.091,0.092,0.632,0.693,0.084,0.799,0.721,0.753,0.089,0.091,0.089,0.091,0.093,0.093,0.698,0.876,0.081,0.862,0.86,0.923,0.089,0.089,0.09,0.092,0.091,0.09,0.897,1.075,0.081,0.747,0.846,1.056,0.09,0.09,0.091,0.091,0.09,0.086,0.09,0.09,0.088,0.088,0.087,0.089,0.086,0.092,0.088,0.088,0.091
14:39:10,37,0.084,0.084,0.086,0.085,0.089,0.085,0.085,0.086,0.085,0.089,0.087,0.086,0.088,0.495,0.377,0.089,0.197,0.214,0.211,0.089,0.091,0.278,0.227,0.55,0.089,0.502,0.427,0.09,0.323,0.343,0.313,1.138,1.05,0.09,0.091,0.09,0.094,0.578,0.516,0.092,0.564,0.6,0.601,0.09,0.09,0.088,0.09,0.091,0.092,0.629,0.692,0.084,0.822,0.742,0.777,0.089,0.091,0.088,0.091,0.093,0.093,0.697,0.876,0.081,0.885,0.887,0.947,0.089,0.089,0.09,0.092,0.091,0.09,0.894,1.08,0.081,0.79,0.883,1.087,0.09,0.09,0.091,0.091,0.09,0.086,0.089,0.091,0.088,0.088,0.087,0.089,0.086,0.092,0.088,0.088,0.09
14:49:10,37,0.084,0.084,0.086,0.086,0.089,0.085,0.085,0.086,0.085,0.089,0.088,0.087,0.088,0.495,0.382,0.089,0.202,0.221,0.22,0.089,0.091,0.295,0.238,0.59,0.089,0.501,0.432,0.09,0.331,0.354,0.319,1.137,1.063,0.09,0.091,0.091,0.094,0.579,0.519,0.093,0.579,0.607,0.607,0.09,0.09,0.088,0.09,0.091,0.092,0.627,0.69,0.084,0.845,0.767,0.799,0.089,0.091,0.089,0.09,0.093,0.093,0.694,0.881,0.081,0.91,0.91,0.971,0.089,0.089,0.09,0.092,0.091,0.09,0.892,1.087,0.081,0.831,0.914,1.11,0.09,0.09,0.091,0.091,0.09,0.086,0.09,0.09,0.089,0.088,0.087,0.089,0.086,0.092,0.088,0.088,0.091
14:59:10,37,0.084,0.084,0.086,0.086,0.089,0.085,0.085,0.086,0.085,0.089,0.088,0.087,0.088,0.494,0.387,0.089,0.208,0.222,0.223,0.089,0.091,0.315,0.251,0.626,0.089,0.501,0.438,0.09,0.341,0.36,0.325,1.136,1.082,0.09,0.091,0.091,0.094,0.58,0.52,0.093,0.596,0.612,0.611,0.09,0.09,0.088,0.09,0.091,0.092,0.624,0.688,0.084,0.868,0.789,0.821,0.089,0.091,0.089,0.091,0.093,0.093,0.692,0.885,0.081,0.932,0.933,0.994,0.089,0.089,0.09,0.092,0.091,0.09,0.889,1.094,0.081,0.869,0.949,1.135,0.09,0.09,0.091,0.091,0.09,0.086,0.09,0.09,0.089,0.088,0.087,0.089,0.086,0.092,0.088,0.088,0.09
15:09:10,37,0.084,0.084,0.086,0.086,0.089,0.085,0.086,0.086,0.085,0.089,0.088,0.087,0.088,0.492,0.391,0.089,0.216,0.223,0.224,0.089,0.091,0.335,0.265,0.667,0.089,0.5,0.441,0.09,0.351,0.362,0.331,1.133,1.096,0.09,0.091,0.091,0.094,0.58,0.522,0.092,0.609,0.616,0.614,0.09,0.09,0.088,0.09,0.091,0.092,0.621,0.685,0.084,0.885,0.809,0.841,0.089,0.091,0.089,0.091,0.093,0.093,0.69,0.884,0.081,0.954,0.957,1.012,0.089,0.089,0.09,0.092,0.091,0.09,0.887,1.1,0.081,0.905,0.982,1.159,0.09,0.09,0.091,0.091,0.09,0.087,0.09,0.09,0.09,0.088,0.087,0.089,0.086,0.092,0.088,0.088,0.09
15:19:10,37,0.084,0.084,0.086,0.086,0.089,0.085,0.085,0.086,0.085,0.089,0.088,0.087,0.088,0.491,0.395,0.089,0.222,0.224,0.224,0.089,0.091,0.356,0.279,0.708,0.09,0.499,0.445,0.09,0.36,0.365,0.341,1.132,1.112,0.09,0.091,0.091,0.094,0.581,0.524,0.093,0.616,0.621,0.618,0.09,0.09,0.088,0.09,0.091,0.092,0.618,0.684,0.084,0.9,0.829,0.859,0.089,0.091,0.089,0.091,0.093,0.093,0.689,0.886,0.081,0.976,0.979,1.033,0.089,0.089,0.09,0.092,0.091,0.09,0.884,1.105,0.081,0.939,1.007,1.181,0.09,0.09,0.091,0.091,0.09,0.088,0.089,0.09,0.089,0.088,0.088,0.089,0.086,0.092,0.088,0.088,0.091
15:29:10,37,0.084,0.084,0.086,0.086,0.089,0.085,0.086,0.086,0.085,0.089,0.088,0.087,0.088,0.489,0.399,0.089,0.224,0.225,0.226,0.089,0.091,0.379,0.294,0.751,0.09,0.499,0.449,0.09,0.364,0.368,0.352,1.129,1.12,0.09,0.091,0.091,0.094,0.581,0.528,0.093,0.621,0.625,0.623,0.09,0.09,0.088,0.09,0.091,0.092,0.614,0.684,0.084,0.915,0.85,0.874,0.089,0.091,0.089,0.091,0.093,0.093,0.686,0.889,0.082,0.995,1,1.05,0.089,0.089,0.09,0.092,0.091,0.09,0.881,1.112,0.081,0.973,1.035,1.206,0.09,0.09,0.091,0.091,0.09,0.086,0.089,0.09,0.089,0.088,0.087,0.089,0.086,0.093,0.088,0.088,0.09
15:39:10,37,0.084,0.084,0.086,0.086,0.089,0.085,0.086,0.086,0.085,0.089,0.088,0.087,0.088,0.489,0.403,0.089,0.226,0.228,0.228,0.089,0.091,0.404,0.312,0.798,0.089,0.499,0.453,0.09,0.367,0.373,0.364,1.128,1.137,0.09,0.091,0.091,0.094,0.582,0.53,0.092,0.626,0.63,0.627,0.09,0.09,0.088,0.09,0.091,0.092,0.612,0.682,0.084,0.93,0.865,0.887,0.089,0.091,0.089,0.091,0.093,0.093,0.683,0.892,0.082,1.014,1.02,1.068,0.089,0.089,0.09,0.092,0.091,0.091,0.879,1.117,0.081,1.003,1.061,1.239,0.09,0.09,0.091,0.091,0.09,0.088,0.089,0.09,0.089,0.088,0.087,0.089,0.086,0.092,0.088,0.088,0.09
15:49:10,37,0.084,0.084,0.086,0.086,0.089,0.085,0.085,0.086,0.085,0.089,0.088,0.087,0.088,0.487,0.407,0.089,0.227,0.228,0.229,0.089,0.091,0.429,0.33,0.838,0.09,0.498,0.456,0.09,0.369,0.375,0.372,1.125,1.15,0.09,0.091,0.091,0.095,0.582,0.534,0.093,0.63,0.633,0.631,0.09,0.09,0.088,0.09,0.091,0.092,0.609,0.681,0.084,0.944,0.877,0.899,0.089,0.091,0.089,0.09,0.093,0.093,0.683,0.893,0.082,1.031,1.038,1.083,0.089,0.089,0.09,0.092,0.091,0.09,0.878,1.122,0.081,1.031,1.085,1.254,0.09,0.09,0.091,0.091,0.09,0.086,0.089,0.09,0.089,0.088,0.087,0.089,0.086,0.092,0.088,0.088,0.091
15:59:10,37.1,0.084,0.084,0.086,0.086,0.089,0.085,0.086,0.086,0.085,0.089,0.088,0.087,0.088,0.487,0.412,0.089,0.228,0.23,0.231,0.089,0.091,0.457,0.349,0.876,0.089,0.497,0.46,0.09,0.372,0.38,0.375,1.124,1.158,0.091,0.091,0.091,0.094,0.583,0.537,0.093,0.633,0.637,0.636,0.09,0.09,0.088,0.09,0.091,0.092,0.606,0.68,0.084,0.958,0.888,0.914,0.089,0.091,0.089,0.091,0.093,0.093,0.68,0.894,0.082,1.048,1.054,1.096,0.089,0.089,0.09,0.092,0.091,0.09,0.874,1.124,0.081,1.059,1.11,1.266,0.09,0.09,0.091,0.091,0.09,0.086,0.089,0.09,0.089,0.088,0.087,0.089,0.086,0.092,0.088,0.088,0.091
16:09:10,37,0.084,0.084,0.086,0.086,0.089,0.085,0.086,0.086,0.085,0.089,0.088,0.087,0.088,0.485,0.414,0.089,0.229,0.23,0.231,0.089,0.091,0.483,0.369,0.916,0.089,0.497,0.464,0.09,0.375,0.389,0.377,1.122,1.175,0.09,0.091,0.091,0.094,0.582,0.541,0.093,0.636,0.64,0.638,0.09,0.09,0.088,0.09,0.091,0.092,0.604,0.679,0.084,0.97,0.901,0.925,0.089,0.091,0.088,0.091,0.093,0.093,0.679,0.894,0.083,1.064,1.067,1.102,0.089,0.089,0.09,0.092,0.091,0.09,0.873,1.128,0.081,1.085,1.133,1.273,0.09,0.09,0.091,0.091,0.09,0.086,0.089,0.09,0.091,0.088,0.087,0.089,0.086,0.092,0.088,0.088,0.09
16:19:10,37.1,0.084,0.084,0.086,0.086,0.089,0.085,0.086,0.086,0.085,0.089,0.087,0.087,0.088,0.485,0.419,0.089,0.23,0.232,0.234,0.089,0.091,0.511,0.39,0.961,0.09,0.496,0.467,0.09,0.378,0.407,0.382,1.119,1.186,0.09,0.091,0.091,0.094,0.58,0.544,0.093,0.641,0.645,0.643,0.09,0.09,0.088,0.09,0.091,0.092,0.602,0.679,0.084,0.983,0.913,0.938,0.089,0.091,0.089,0.091,0.093,0.093,0.677,0.894,0.083,1.077,1.081,1.114,0.089,0.089,0.09,0.092,0.091,0.09,0.87,1.13,0.081,1.111,1.156,1.284,0.09,0.09,0.091,0.091,0.09,0.086,0.089,0.09,0.089,0.088,0.087,0.089,0.086,0.092,0.088,0.088,0.09
16:29:10,37.1,0.084,0.084,0.086,0.086,0.089,0.085,0.086,0.086,0.085,0.089,0.088,0.087,0.088,0.485,0.423,0.089,0.233,0.234,0.238,0.089,0.091,0.542,0.413,1.003,0.089,0.496,0.47,0.09,0.387,0.422,0.385,1.117,1.2,0.09,0.091,0.091,0.094,0.577,0.551,0.093,0.645,0.648,0.647,0.09,0.09,0.088,0.09,0.091,0.092,0.599,0.679,0.084,0.994,0.923,0.949,0.089,0.091,0.089,0.091,0.093,0.093,0.675,0.9,0.083,1.087,1.089,1.117,0.089,0.089,0.09,0.092,0.091,0.09,0.867,1.133,0.081,1.133,1.174,1.294,0.09,0.09,0.091,0.091,0.09,0.086,0.089,0.09,0.088,0.088,0.087,0.089,0.086,0.092,0.088,0.088,0.09
16:39:10,37,0.084,0.084,0.086,0.086,0.089,0.085,0.086,0.086,0.085,0.089,0.088,0.087,0.088,0.483,0.427,0.089,0.234,0.237,0.249,0.089,0.091,0.572,0.439,1.042,0.09,0.495,0.474,0.09,0.402,0.436,0.387,1.116,1.21,0.09,0.091,0.091,0.094,0.575,0.555,0.093,0.649,0.652,0.652,0.09,0.09,0.088,0.09,0.091,0.092,0.597,0.679,0.084,1.004,0.933,0.961,0.089,0.091,0.089,0.091,0.093,0.093,0.673,0.9,0.083,1.092,1.1,1.115,0.089,0.089,0.09,0.092,0.091,0.091,0.865,1.134,0.081,1.157,1.198,1.305,0.09,0.09,0.091,0.091,0.09,0.086,0.089,0.09,0.09,0.088,0.087,0.089,0.086,0.092,0.088,0.088,0.091
16:49:10,37,0.084,0.084,0.086,0.086,0.089,0.085,0.086,0.086,0.085,0.089,0.088,0.087,0.088,0.484,0.43,0.089,0.236,0.245,0.26,0.089,0.091,0.606,0.458,1.077,0.09,0.495,0.476,0.09,0.416,0.451,0.402,1.115,1.223,0.091,0.091,0.091,0.094,0.572,0.559,0.093,0.651,0.656,0.659,0.09,0.09,0.088,0.09,0.091,0.092,0.594,0.678,0.084,1.015,0.942,0.969,0.089,0.091,0.089,0.091,0.093,0.093,0.672,0.901,0.084,1.103,1.108,1.114,0.089,0.089,0.09,0.092,0.091,0.09,0.864,1.135,0.081,1.18,1.21,1.32,0.09,0.09,0.091,0.091,0.09,0.087,0.089,0.09,0.088,0.088,0.087,0.089,0.086,0.093,0.088,0.088,0.09
16:59:10,37.1,0.085,0.084,0.086,0.086,0.089,0.085,0.086,0.086,0.085,0.089,0.088,0.087,0.088,0.482,0.433,0.089,0.237,0.257,0.272,0.089,0.091,0.637,0.482,1.111,0.09,0.495,0.481,0.09,0.431,0.466,0.417,1.113,1.242,0.09,0.091,0.091,0.095,0.57,0.559,0.093,0.655,0.662,0.668,0.09,0.09,0.088,0.09,0.091,0.092,0.593,0.679,0.084,1.021,0.951,0.977,0.089,0.091,0.089,0.091,0.093,0.093,0.67,0.903,0.084,1.107,1.12,1.109,0.089,0.089,0.09,0.092,0.091,0.09,0.861,1.133,0.081,1.203,1.228,1.332,0.09,0.09,0.091,0.091,0.09,0.087,0.089,0.09,0.089,0.088,0.087,0.089,0.086,0.092,0.088,0.088,0.09
17:09:10,37,0.084,0.084,0.086,0.086,0.089,0.085,0.086,0.086,0.085,0.089,0.088,0.087,0.088,0.481,0.437,0.089,0.242,0.265,0.284,0.089,0.091,0.67,0.509,1.141,0.09,0.495,0.483,0.09,0.444,0.48,0.435,1.112,1.25,0.09,0.091,0.091,0.094,0.567,0.558,0.092,0.658,0.668,0.677,0.09,0.09,0.088,0.09,0.091,0.092,0.59,0.677,0.084,1.026,0.96,0.986,0.089,0.091,0.089,0.091,0.093,0.093,0.668,0.899,0.083,1.106,1.124,1.106,0.089,0.089,0.09,0.092,0.091,0.09,0.859,1.134,0.081,1.213,1.231,1.342,0.09,0.09,0.091,0.091,0.09,0.086,0.089,0.09,0.089,0.088,0.087,0.09,0.086,0.092,0.088,0.088,0.09
17:19:10,37,0.084,0.084,0.086,0.086,0.089,0.085,0.086,0.086,0.085,0.09,0.088,0.087,0.088,0.481,0.44,0.089,0.253,0.275,0.297,0.089,0.091,0.703,0.535,1.171,0.09,0.493,0.486,0.09,0.46,0.495,0.45,1.111,1.256,0.09,0.091,0.091,0.095,0.565,0.558,0.093,0.66,0.675,0.686,0.09,0.09,0.088,0.09,0.091,0.092,0.588,0.678,0.084,1.027,0.965,0.99,0.089,0.091,0.089,0.091,0.093,0.093,0.666,0.9,0.083,1.103,1.122,1.105,0.089,0.089,0.09,0.092,0.091,0.091,0.857,1.134,0.081,1.229,1.245,1.354,0.09,0.09,0.091,0.091,0.09,0.086,0.089,0.09,0.088,0.088,0.088,0.089,0.086,0.093,0.088,0.088,0.091
17:29:10,37,0.084,0.084,0.086,0.086,0.089,0.085,0.086,0.086,0.085,0.09,0.088,0.087,0.088,0.481,0.444,0.089,0.262,0.286,0.311,0.089,0.091,0.739,0.561,1.198,0.09,0.491,0.49,0.09,0.473,0.51,0.467,1.11,1.266,0.09,0.091,0.091,0.095,0.562,0.558,0.093,0.664,0.682,0.697,0.09,0.09,0.088,0.09,0.091,0.092,0.586,0.678,0.084,1.031,0.974,0.993,0.089,0.091,0.089,0.091,0.093,0.093,0.664,0.901,0.083,1.103,1.119,1.106,0.089,0.089,0.09,0.092,0.091,0.09,0.855,1.134,0.081,1.239,1.257,1.365,0.09,0.09,0.091,0.091,0.09,0.086,0.089,0.09,0.089,0.088,0.087,0.089,0.086,0.092,0.088,0.088,0.091
17:39:10,37,0.084,0.084,0.086,0.086,0.089,0.085,0.086,0.086,0.085,0.09,0.088,0.087,0.088,0.48,0.447,0.089,0.272,0.297,0.325,0.089,0.091,0.772,0.589,1.222,0.089,0.49,0.493,0.09,0.488,0.52,0.483,1.109,1.272,0.09,0.091,0.091,0.094,0.56,0.559,0.092,0.667,0.691,0.709,0.09,0.09,0.088,0.09,0.091,0.092,0.585,0.678,0.084,1.026,0.982,0.992,0.089,0.091,0.088,0.091,0.093,0.093,0.663,0.899,0.082,1.098,1.117,1.105,0.089,0.089,0.09,0.092,0.091,0.09,0.853,1.135,0.081,1.248,1.266,1.375,0.09,0.09,0.091,0.091,0.09,0.086,0.089,0.09,0.089,0.088,0.087,0.089,0.086,0.092,0.088,0.088,0.091
17:49:10,37,0.084,0.084,0.086,0.086,0.089,0.085,0.086,0.086,0.085,0.09,0.088,0.087,0.088,0.48,0.45,0.089,0.281,0.31,0.339,0.089,0.091,0.806,0.619,1.244,0.089,0.487,0.495,0.09,0.501,0.534,0.498,1.109,1.281,0.09,0.091,0.091,0.094,0.558,0.559,0.092,0.67,0.699,0.715,0.09,0.09,0.088,0.09,0.091,0.092,0.583,0.679,0.084,1.023,0.985,0.991,0.089,0.091,0.089,0.09,0.093,0.093,0.661,0.899,0.082,1.098,1.115,1.106,0.089,0.089,0.09,0.092,0.091,0.09,0.851,1.136,0.081,1.256,1.279,1.385,0.09,0.09,0.091,0.091,0.09,0.086,0.089,0.09,0.088,0.088,0.088,0.088,0.086,0.092,0.088,0.088,0.09
17:59:10,37,0.084,0.084,0.086,0.086,0.089,0.085,0.086,0.086,0.085,0.09,0.088,0.087,0.088,0.479,0.452,0.089,0.292,0.323,0.356,0.089,0.091,0.842,0.646,1.274,0.089,0.486,0.498,0.09,0.513,0.547,0.514,1.108,1.287,0.09,0.091,0.091,0.094,0.556,0.557,0.092,0.674,0.709,0.716,0.09,0.09,0.088,0.09,0.091,0.092,0.581,0.677,0.084,1.018,0.989,0.988,0.089,0.091,0.088,0.091,0.093,0.093,0.661,0.899,0.082,1.1,1.111,1.107,0.089,0.089,0.09,0.092,0.091,0.09,0.849,1.135,0.081,1.269,1.288,1.393,0.09,0.09,0.091,0.091,0.09,0.086,0.089,0.09,0.089,0.088,0.088,0.089,0.086,0.092,0.088,0.088,0.09
18:09:10,37,0.084,0.084,0.086,0.086,0.089,0.085,0.086,0.086,0.085,0.09,0.088,0.087,0.088,0.479,0.455,0.089,0.303,0.335,0.371,0.089,0.091,0.877,0.677,1.275,0.089,0.484,0.5,0.09,0.524,0.557,0.526,1.107,1.292,0.09,0.091,0.091,0.095,0.554,0.558,0.092,0.678,0.712,0.718,0.09,0.09,0.088,0.09,0.091,0.092,0.579,0.679,0.084,1.013,0.989,0.986,0.089,0.091,0.089,0.091,0.093,0.093,0.659,0.897,0.081,1.1,1.111,1.108,0.089,0.089,0.09,0.092,0.091,0.091,0.847,1.135,0.081,1.278,1.299,1.403,0.09,0.09,0.091,0.091,0.09,0.086,0.089,0.09,0.088,0.088,0.087,0.089,0.086,0.092,0.088,0.088,0.09
18:19:10,37,0.085,0.085,0.086,0.086,0.089,0.085,0.086,0.086,0.085,0.09,0.088,0.087,0.088,0.478,0.458,0.089,0.316,0.349,0.386,0.089,0.091,0.912,0.705,1.285,0.089,0.482,0.502,0.09,0.533,0.568,0.542,1.106,1.298,0.091,0.091,0.091,0.094,0.552,0.556,0.092,0.682,0.715,0.721,0.09,0.09,0.088,0.09,0.091,0.092,0.577,0.681,0.084,1.011,0.988,0.981,0.089,0.091,0.089,0.091,0.093,0.093,0.657,0.898,0.081,1.103,1.112,1.111,0.089,0.089,0.09,0.092,0.091,0.09,0.845,1.141,0.081,1.291,1.312,1.412,0.09,0.09,0.091,0.091,0.09,0.086,0.089,0.09,0.089,0.089,0.087,0.089,0.086,0.092,0.088,0.088,0.091
18:29:10,37,0.084,0.084,0.086,0.086,0.089,0.085,0.086,0.086,0.085,0.09,0.088,0.087,0.088,0.479,0.461,0.089,0.33,0.362,0.402,0.089,0.091,0.946,0.734,1.299,0.09,0.48,0.505,0.09,0.545,0.58,0.555,1.106,1.3,0.09,0.091,0.091,0.094,0.55,0.555,0.092,0.687,0.718,0.724,0.09,0.09,0.088,0.09,0.091,0.092,0.576,0.681,0.084,1.006,0.985,0.978,0.089,0.091,0.088,0.091,0.093,0.093,0.656,0.897,0.081,1.105,1.116,1.113,0.089,0.089,0.09,0.092,0.091,0.09,0.844,1.149,0.081,1.3,1.324,1.421,0.09,0.09,0.091,0.091,0.09,0.087,0.089,0.09,0.089,0.088,0.087,0.089,0.086,0.092,0.088,0.088,0.09
18:39:10,37,0.084,0.084,0.086,0.086,0.089,0.085,0.086,0.086,0.085,0.09,0.088,0.087,0.088,0.478,0.463,0.089,0.342,0.376,0.418,0.089,0.091,0.98,0.768,1.308,0.089,0.478,0.508,0.09,0.555,0.59,0.568,1.105,1.301,0.09,0.091,0.091,0.094,0.548,0.555,0.092,0.69,0.718,0.726,0.09,0.09,0.088,0.09,0.091,0.092,0.573,0.681,0.084,1.001,0.981,0.972,0.089,0.091,0.089,0.091,0.093,0.093,0.654,0.899,0.081,1.105,1.12,1.118,0.089,0.089,0.09,0.092,0.091,0.09,0.842,1.149,0.081,1.31,1.328,1.429,0.09,0.09,0.091,0.091,0.09,0.086,0.089,0.09,0.088,0.088,0.087,0.089,0.086,0.092,0.088,0.088,0.091
18:49:10,37.1,0.085,0.084,0.086,0.086,0.089,0.085,0.086,0.086,0.085,0.09,0.088,0.087,0.088,0.478,0.466,0.089,0.356,0.389,0.431,0.089,0.091,1.013,0.797,1.321,0.09,0.477,0.509,0.09,0.564,0.598,0.579,1.104,1.303,0.09,0.091,0.091,0.094,0.547,0.553,0.092,0.695,0.72,0.729,0.09,0.09,0.088,0.09,0.091,0.092,0.572,0.682,0.084,0.996,0.977,0.969,0.089,0.091,0.088,0.091,0.093,0.093,0.653,0.897,0.081,1.112,1.122,1.124,0.089,0.089,0.09,0.092,0.091,0.091,0.84,1.15,0.081,1.32,1.339,1.44,0.09,0.09,0.091,0.091,0.09,0.086,0.089,0.091,0.088,0.088,0.087,0.089,0.088,0.092,0.088,0.088,0.091
18:59:10,37,0.084,0.084,0.086,0.086,0.089,0.085,0.086,0.086,0.085,0.09,0.088,0.087,0.088,0.478,0.469,0.089,0.369,0.402,0.447,0.089,0.091,1.046,0.83,1.335,0.089,0.475,0.512,0.09,0.574,0.608,0.59,1.104,1.305,0.09,0.091,0.09,0.094,0.544,0.553,0.092,0.699,0.723,0.731,0.09,0.09,0.088,0.09,0.091,0.092,0.57,0.683,0.084,0.991,0.972,0.963,0.089,0.091,0.088,0.091,0.093,0.093,0.651,0.898,0.082,1.116,1.126,1.131,0.089,0.089,0.09,0.092,0.091,0.09,0.839,1.144,0.081,1.328,1.349,1.449,0.09,0.09,0.091,0.091,0.09,0.087,0.089,0.09,0.088,0.088,0.088,0.089,0.086,0.092,0.088,0.088,0.09
19:09:10,37,0.085,0.084,0.086,0.086,0.089,0.085,0.086,0.086,0.085,0.09,0.088,0.087,0.088,0.478,0.47,0.089,0.382,0.416,0.461,0.089,0.091,1.077,0.86,1.347,0.089,0.474,0.514,0.09,0.585,0.619,0.601,1.102,1.3,0.09,0.091,0.091,0.094,0.543,0.551,0.092,0.705,0.724,0.734,0.09,0.09,0.088,0.09,0.091,0.092,0.569,0.682,0.084,0.988,0.969,0.959,0.089,0.091,0.088,0.091,0.093,0.093,0.65,0.897,0.082,1.122,1.131,1.135,0.089,0.089,0.09,0.092,0.091,0.09,0.839,1.141,0.081,1.337,1.357,1.455,0.09,0.09,0.091,0.091,0.09,0.086,0.089,0.09,0.089,0.088,0.089,0.089,0.087,0.092,0.088,0.088,0.09
19:19:10,37,0.085,0.084,0.086,0.086,0.089,0.085,0.086,0.086,0.085,0.09,0.088,0.087,0.088,0.478,0.473,0.089,0.395,0.427,0.476,0.089,0.091,1.105,0.892,1.359,0.089,0.472,0.517,0.09,0.594,0.626,0.612,1.102,1.299,0.09,0.091,0.091,0.094,0.541,0.551,0.092,0.708,0.726,0.737,0.09,0.09,0.088,0.09,0.091,0.092,0.567,0.682,0.084,0.984,0.965,0.954,0.089,0.091,0.089,0.091,0.093,0.093,0.648,0.898,0.082,1.123,1.132,1.139,0.089,0.089,0.09,0.092,0.091,0.09,0.837,1.137,0.081,1.346,1.366,1.458,0.09,0.09,0.091,0.091,0.09,0.086,0.089,0.09,0.088,0.088,0.087,0.089,0.086,0.092,0.088,0.088,0.091
19:29:10,37.1,0.084,0.084,0.086,0.086,0.089,0.085,0.086,0.086,0.085,0.09,0.088,0.087,0.088,0.477,0.475,0.089,0.409,0.442,0.491,0.089,0.091,1.129,0.925,1.374,0.089,0.471,0.518,0.09,0.601,0.635,0.623,1.101,1.298,0.09,0.091,0.091,0.094,0.54,0.551,0.092,0.713,0.728,0.742,0.09,0.09,0.088,0.09,0.091,0.092,0.566,0.684,0.084,0.981,0.959,0.951,0.089,0.091,0.088,0.091,0.093,0.093,0.647,0.898,0.082,1.133,1.14,1.144,0.089,0.089,0.09,0.092,0.091,0.09,0.835,1.134,0.081,1.354,1.371,1.459,0.09,0.09,0.091,0.091,0.09,0.086,0.089,0.09,0.088,0.088,0.087,0.089,0.086,0.092,0.088,0.088,0.09
19:39:10,37,0.085,0.084,0.086,0.086,0.089,0.085,0.086,0.086,0.085,0.09,0.088,0.087,0.088,0.477,0.477,0.089,0.421,0.452,0.502,0.089,0.091,1.152,0.954,1.388,0.09,0.47,0.519,0.09,0.61,0.642,0.629,1.1,1.298,0.091,0.091,0.091,0.094,0.539,0.55,0.092,0.718,0.731,0.749,0.09,0.09,0.088,0.09,0.091,0.092,0.565,0.684,0.084,0.977,0.956,0.947,0.089,0.091,0.089,0.091,0.093,0.093,0.646,0.898,0.082,1.137,1.141,1.147,0.089,0.089,0.09,0.092,0.091,0.09,0.833,1.131,0.081,1.361,1.379,1.459,0.09,0.09,0.091,0.091,0.09,0.086,0.089,0.09,0.088,0.088,0.088,0.089,0.086,0.092,0.088,0.088,0.09
19:49:10,37.1,0.085,0.084,0.086,0.086,0.089,0.086,0.086,0.086,0.085,0.09,0.088,0.087,0.088,0.477,0.48,0.089,0.434,0.465,0.513,0.089,0.091,1.175,0.983,1.403,0.089,0.468,0.525,0.09,0.617,0.65,0.639,1.098,1.297,0.09,0.091,0.091,0.095,0.538,0.551,0.093,0.724,0.732,0.757,0.09,0.09,0.088,0.09,0.091,0.092,0.563,0.684,0.084,0.975,0.952,0.943,0.089,0.091,0.089,0.091,0.093,0.093,0.645,0.899,0.083,1.141,1.146,1.153,0.089,0.089,0.09,0.092,0.091,0.091,0.831,1.128,0.081,1.37,1.384,1.459,0.09,0.09,0.091,0.091,0.09,0.087,0.089,0.09,0.089,0.088,0.088,0.089,0.087,0.092,0.088,0.088,0.091
19:59:10,37,0.085,0.084,0.086,0.086,0.089,0.085,0.086,0.086,0.085,0.09,0.088,0.087,0.088,0.478,0.481,0.089,0.447,0.478,0.527,0.089,0.091,1.198,1.012,1.417,0.09,0.467,0.524,0.09,0.626,0.657,0.647,1.098,1.297,0.09,0.091,0.091,0.094,0.536,0.551,0.092,0.726,0.735,0.766,0.09,0.09,0.088,0.09,0.091,0.092,0.562,0.685,0.084,0.974,0.949,0.941,0.089,0.091,0.089,0.091,0.093,0.093,0.643,0.901,0.083,1.141,1.152,1.156,0.089,0.089,0.09,0.092,0.091,0.091,0.829,1.125,0.081,1.376,1.389,1.459,0.09,0.09,0.091,0.091,0.09,0.086,0.089,0.09,0.088,0.088,0.087,0.089,0.087,0.092,0.088,0.088,0.091
0:00:00,0,,,,,,,,,,,,,,,,,,,,,,,,,,,,,,,,,,,,,,,,,,,,,,,,,,,,,,,,,,,,,,,,,,,,,,,,,,,,,,,,,,,,,,,,,,,,,,,,
0:00:00,0,,,,,,,,,,,,,,,,,,,,,,,,,,,,,,,,,,,,,,,,,,,,,,,,,,,,,,,,,,,,,,,,,,,,,,,,,,,,,,,,,,,,,,,,,,,,,,,,
